-0.072524668,-0.012500814,-0.002253725,0.043621787,0.008515899,0.10136644,0.007709623,-0.001820224,0.047397152,0.128911007,-0.006381023,-0.029760178,0.008323672,-0.004445504,-0.010133746,-0.030066389,0.044555233,-0.025097469,0.002474367,0.003877826,-0.030254394,0.017700842,-0.012080234,0.158009265,-0.009483886,0.00720948,0.015098988,-0.006950489,-0.009602392,0.012957874,-0.010572988,-0.023170019,0.025418613,-0.003001237,-0.0072537,0.011865835,0.025969786,0.006444791,-0.012430731,0.003893894,-0.011589098,0.004284871,0.000495721,-0.009595467,0.002968276,-0.019001517,-0.002697694,0.019521827,0.002911324,-0.008742901,0.002367102,-0.012311092,0.017501916,0.018784024,-0.011487634,-0.001506282,-0.043935156,0.04059074,0.021258565,-0.007974423,0.034913047,0.008580674,-0.006679939,-0.051356158,0.00457044,0.015031079,-0.005864982,0.000338622,-0.001181233,0.004374836,0.007053532,-0.042513502,-0.002189091,0.020757319,0.020116122,0.007269099,0.001213362,0.003841671,-0.005105287,-0.02993459,-0.001117925,0.007573838,-0.003513492,0.029779447,-0.004397823,0.012738726,-0.001834998,0.072909677,-0.009960309,0.001164711,-0.031154783,-0.006376921,-0.00444816,-0.023605698,0.048864759,-0.003704432,-0.037185429,-0.005737278,-0.026236586,0.000354283
0.054394617,0.007897088,0.014027331,-0.068391908,0.009374602,-0.066224862,-0.025976884,0.004795916,-0.006218611,-0.102505881,-0.013927829,0.02021971,0.008404397,-0.006464075,-0.01900949,0.026994396,-0.027163291,0.037583483,-0.000885691,0.020234179,-0.009481838,-0.015858161,0.008061664,0.118149772,0.003521658,0.002652962,0.007971564,0.003694612,-0.010123034,-0.011242664,0.007752062,0.027311303,0.005993616,-0.004901815,0.00490151,0.007906223,-0.031575207,-0.019807696,0.01265256,-0.012829817,0.007788556,0.001271451,-0.009832282,-0.008489056,-0.00384881,0.022117036,0.008933233,-0.015324302,0.015288,-0.002821771,-0.002690311,0.005994754,-0.011851129,0.0017788,-0.011042057,0.004702403,0.02245113,0.032584759,-0.013236418,0.006915508,0.068154273,-0.007975247,-0.035131115,0.033595782,0.016518893,0.018783341,-0.00080352,-0.000769347,0.009025119,0.005968786,-0.027384954,0.011285099,9.47229E-05,0.019992824,-0.012205015,-0.005469243,0.000726437,0.021369915,0.005194422,-0.04420204,-0.000534378,-0.006861686,-0.007618075,0.029196397,0.000972469,-0.00542972,-0.004553095,-0.061734894,0.006620327,0.000740825,-0.016903814,0.00157136,-0.010902889,-0.015511899,-0.050606133,0.009351471,0.04886284,0.015661266,0.024489445,0.007003057
-0.049252412,0.021802777,0.010720394,-0.007144007,0.05780841,0.040737157,0.012605435,-0.032523259,-0.199400319,0.04090707,-0.00849325,0.031782875,0.01008819,-0.0310535,0.102601975,-0.006580301,0.181932314,0.012742592,-0.023104271,0.057545639,-0.026886056,-0.022360409,0.020522651,0.027308756,-0.03004467,-0.012117723,-0.052023203,0.008657337,0.040033531,-0.003921843,-0.005217351,-0.034984775,-0.074393605,0.006910387,-0.016983109,0.035023237,-0.024350165,-0.031877445,0.006769051,-0.007175637,-0.011370228,0.052193595,0.019483114,0.06135552,-0.03178987,-0.014246755,-0.000922237,-0.01371499,0.005095841,-0.020106533,0.002584801,-0.023140615,-0.02721637,0.004103258,0.053526942,0.02121928,-0.051477234,0.055600426,-0.008451789,0.03171469,-0.01450481,-0.008278858,-0.023573373,-0.003229174,-0.007616456,0.019084681,0.026170651,-0.012329237,-0.00573154,-0.001875999,0.040323408,-0.010538464,0.006497767,-0.017456828,0.027322638,-0.000760762,0.002573993,-0.033774142,-0.00547428,-0.009077717,-0.001955929,-0.000249759,0.040798449,-0.027542849,-0.005326876,-0.003871577,-0.031646573,-0.025408581,-0.024647133,0.002636019,0.002731315,-0.003305977,-0.001977277,0.008877152,-0.018770379,-0.044479296,0.12159285,0.022809529,0.081395648,-0.010694479
0.055293567,0.002273334,-0.021754864,-0.051457585,0.043651387,-0.041836694,0.004243727,-0.029331808,0.19733695,0.000969289,0.006319739,-0.026786609,0.011499238,-0.016638437,0.080911352,0.00713189,-0.15437248,-0.009500769,-0.024884083,0.002086897,-0.024380885,0.008021888,0.030895457,0.029256274,-0.026708367,0.006970749,-0.061981326,-0.002089358,0.055933195,-0.008385611,-0.005613893,0.022740586,-0.115485936,0.006735973,-0.017221349,0.036448146,0.007979536,-0.018351533,0.016140905,0.010648329,0.010283944,0.014936058,-0.032985138,0.055513732,-0.041086638,-0.001277253,-0.009047566,0.005615134,-0.008406765,0.001946841,-0.012239664,-0.013211241,0.024472771,0.027459559,0.04714726,0.013000694,-0.028140926,0.061366621,0.036088588,0.016529012,-0.021048619,-0.026897559,-0.03020449,0.040775099,0.009779679,0.018229023,0.011442152,0.005026593,-0.000428496,-0.007252296,0.00125172,-0.009319742,0.006955956,-0.015740641,0.016737539,-0.004530163,0.013179185,-0.0159224,-0.041945167,-0.005010602,-0.001353804,0.035208573,0.017597214,-0.019194594,-0.008516972,-0.007028957,-0.041620589,0.010693211,0.021429268,0.005144986,0.010062553,0.000799928,-0.007545246,0.03227132,-0.01959199,-0.067303413,-0.113257249,-0.012936378,0.004597438,-0.03230619
-0.002521089,0.06307353,-0.084012551,-0.005131665,0.006941147,-0.007477886,-0.018879553,0.000160976,-0.01602653,-0.085500863,0.008756554,-0.024028202,0.018819217,0.01974766,-0.016553028,0.055928442,0.081479361,-0.026226681,0.007376502,0.01524963,0.045534274,0.029552665,0.049267013,0.000736261,0.02344714,0.006917476,0.033063853,-0.00097353,-0.011351633,-0.010360692,-0.000370104,0.077534003,0.023445415,-0.064710235,-0.015383442,-0.019083754,-0.007736765,-0.063698956,0.004314222,0.010730165,0.011375886,0.006825971,0.021067424,0.011545506,0.013862502,-0.000142936,-0.00579986,0.06982983,-0.009792771,0.007042918,0.044413303,-0.009319186,0.004056736,0.023664543,-0.032486796,0.187150948,-0.106017503,-0.018755551,-0.014922442,0.007276508,-0.000488923,-0.037359218,-0.002586441,-0.011637263,0.000382812,-0.020346791,0.102786547,0.015232854,0.002301453,-0.04048727,0.012616657,-0.057658529,-0.016319331,-0.040539682,0.041944535,0.011649679,-0.069556434,0.054019169,-0.072849837,-0.010725363,-0.126988276,0.036575106,-0.000927302,0.015868731,-0.001357588,-0.037206656,0.005719353,0.024582653,0.037381954,-0.004095372,-0.00894888,0.008586348,-0.005296629,0.004869217,-0.033449908,0.061196073,-0.002630369,-0.023898047,0.024433432,-0.003898485
0.005727529,-0.04387805,0.018759514,0.072493169,0.063004665,-0.057691096,-0.002115379,-0.015222396,-0.008237368,-0.034094028,-0.007206526,-0.036694929,0.016496158,-0.018400249,-0.001817982,0.037823189,0.048279139,-0.096068201,-0.007220215,-0.021790657,-0.022042845,0.00157078,0.023613474,0.007663864,0.011787478,-0.024685926,0.009249843,-0.001705673,0.01713346,0.001022976,-0.015996284,0.059459842,0.027608238,0.04294057,0.024028768,0.009121245,0.013559515,0.039801607,-0.020530417,-0.01003411,0.006590861,0.012702795,0.02366966,0.030925688,-0.029765097,0.006457794,0.018146136,-0.031668033,-0.007200144,0.012390733,-0.059691512,0.004122739,0.016837723,-0.087058872,0.063349461,0.139415199,0.072707905,0.037306343,0.000524805,0.050875603,-0.016445458,-0.002017832,-0.015303248,-0.003176494,-0.01913429,0.029261018,-0.027542185,0.023056662,0.021801463,-0.023671829,-0.043125999,-0.102270815,-0.014438532,-0.044283962,-0.001338821,-0.043155906,-0.002999282,-0.013134499,0.031418842,-0.007555134,0.079884535,-0.028776866,0.011982288,-0.004662095,0.006272308,0.010143358,-0.005614595,0.007280892,0.010965869,0.000874234,0.003999276,-0.055504766,-0.025389113,0.013994917,-0.025778877,0.031769003,-0.011592771,0.030487974,-0.085379838,0.059518225
-0.001243735,-0.047359016,-0.001962555,0.04521886,0.054737891,-0.015861784,-0.004343804,-0.028436335,0.026698445,0.019851908,-0.034178683,-0.00945651,-0.036508032,-0.015847828,-0.040235005,-0.103443198,-0.001102808,0.008427679,-0.020864724,-0.030294298,0.014898813,0.019961697,-0.021097364,0.025093243,0.003985175,-0.035914421,0.031428567,0.014022956,-0.030707395,0.00550959,-0.004274107,0.017690635,0.012291412,0.016755917,0.006598478,0.034893657,0.00514022,-0.004555653,-0.004761535,-0.007522557,0.025210003,0.00525017,0.000170688,-0.012901139,0.047296534,0.011906613,0.015014496,0.068710793,-0.003643943,0.01903967,0.001806261,0.005308489,0.008939007,0.067930227,0.040063403,0.026434106,0.035421164,-0.023229722,-0.002945339,-0.017265832,-0.005112417,0.022626008,0.000905977,-0.016357494,0.01504865,-0.015418321,-0.020901771,0.013282783,0.014376069,-0.042412413,-0.008524691,-0.015189123,0.010636891,-0.06192859,-0.020730705,0.018190037,-0.026204155,-0.002391517,0.002069113,-0.010113907,-0.009874594,-0.007876407,0.01930239,-0.02423966,-0.008753302,0.007209811,0.000549165,0.022851479,-0.011783088,-0.026300151,0.036998777,0.011650734,0.009326189,0.027810674,0.035256913,-0.05791462,-0.028581588,0.022516622,0.009806747,0.009231594
-0.009842115,-0.039076787,0.001335599,0.002256495,-0.044056749,-0.013094006,-0.003316968,0.016360985,0.027106338,0.048852123,0.028212836,-0.009235039,0.041821495,-0.002656242,0.043431838,-0.120808906,0.005610575,0.015390119,0.013642343,0.035826078,-0.007779791,-0.004017031,0.019128843,-0.029375803,0.006389547,0.023484681,-0.038448366,-0.01174451,0.023076834,0.000880869,0.005946133,0.006747925,-0.01325013,-0.016810914,-0.008877338,-0.02961939,0.017745501,-0.010450268,0.011845053,0.009270378,0.021949339,0.003898766,0.003437085,0.010428278,-0.04112316,0.004842038,-0.017314676,0.021225338,-0.001519649,0.008575255,0.029996465,-0.014316541,0.006919089,0.05350211,-0.037581089,-0.010863608,-0.045303562,0.020622915,-0.026261141,0.008389063,-0.000831283,-0.032796476,-0.006021992,-0.03380608,0.008413387,0.020085583,0.026493826,0.027503651,-0.015728797,0.04344443,-0.025114157,-0.036653716,-0.013743873,0.052323388,0.025628904,-0.0112696,0.027326243,0.031025776,0.005970489,0.003270373,0.004623609,-0.000202401,-0.017022388,0.036742141,0.006374719,0.030890127,0.001123817,0.01778278,0.001152177,0.017169232,-0.037054936,-0.014964032,0.001861894,0.005032333,0.004480444,0.074106113,-0.020571233,0.032639281,-0.010234517,-0.012820285
0.163030003,-0.044039378,-0.01153311,0.055708459,-0.019284305,-0.021953115,-0.018321435,-0.032460315,0.01173332,0.084912644,-0.013962129,-0.029961787,0.006427462,-0.046588448,-0.018832059,0.050601623,0.05522834,0.035053677,0.017766778,-0.011985009,-0.009905898,-0.02348252,-0.060633255,-0.006430087,-0.032398201,0.053821629,-0.007699185,-0.003466324,0.046985355,-0.010878016,-0.00735942,-0.020798524,0.035552443,0.019887494,0.024694799,0.009545055,-0.059925332,-0.047958228,-0.048156481,-0.009523073,-0.007904103,0.006511046,0.037056751,-0.022744403,-0.0315291,-0.003912377,-0.029279164,0.027020944,-0.008411609,0.039097556,-0.03902511,-0.015174517,-0.009319163,-0.054518657,-0.024842311,0.024170131,0.080953193,0.045326724,-0.047250535,0.00153057,-0.007734434,-0.035924554,-0.006267402,-0.022401156,-0.032463949,-0.002848438,-0.081386279,-0.001648474,-0.049223796,0.007486096,0.075395925,0.086592395,0.043491126,-0.105796798,-0.056880354,0.031196227,-0.038571418,-0.005076392,-0.066593258,0.001043559,-0.045917801,-0.024983156,-0.012898942,0.030050811,-0.035142689,-0.027883438,-0.029385427,0.080500798,0.023298421,0.008156168,-0.032803428,0.030624177,-0.020610585,-0.026153094,0.043996716,0.043306922,0.002611394,-0.010714291,0.090887792,-0.051950208
0.140072065,0.041264124,-0.017323085,-0.043438857,0.023999488,-0.015499551,-0.018251808,0.015803829,-0.05631611,0.081459409,-0.021146348,-0.027189325,-0.013657276,0.030578468,0.027181357,0.006603507,0.058651614,0.02258838,-0.018157182,0.028477509,-0.007493741,0.004427581,0.062994812,0.004916305,-0.000985415,0.046299523,0.006573583,0.000634238,-0.041372093,-0.024508803,-0.010938215,-0.004427232,-0.023029787,-0.022382864,-0.013460367,-0.011335289,0.006227242,0.046306593,0.019402049,0.008284401,-0.008830275,-0.024292995,-0.034469203,0.021812276,0.040225659,-0.035316887,0.032839851,-0.054446936,0.000393627,0.006536,0.028580792,-0.033414176,-0.005634445,0.058661371,0.029436157,0.017247129,-0.070240555,-0.034125382,-0.060829383,-0.022508089,-0.007896249,-0.005508744,0.003127307,-0.039390808,-0.025452719,-0.008584825,0.08216152,0.001460701,0.048424095,-0.009009344,-0.01161181,0.074237516,-0.0457666,0.104740152,0.05281613,-0.033495658,0.031052745,-0.015589407,0.060997472,-0.00353941,0.04635035,0.022999525,0.011051878,-0.033990576,0.029961325,0.030582305,0.028047492,0.077632897,-0.035285863,-0.009858069,0.024927568,-0.035473398,-0.018612464,-0.007457297,0.036388078,-0.009210211,-0.017520374,0.012287282,-0.057963858,0.054096136
0.033951722,-0.018389315,-0.006521291,-0.037967274,0.008745264,0.146170952,-0.043717634,0.004247457,0.009108271,0.043088684,0.030590022,0.039803042,0.001809409,-0.016586899,-0.002304026,0.021546729,-0.0162618,0.030174967,0.002791498,-0.016772365,-0.018701369,0.017955225,0.01121903,-0.106763117,0.010232713,-0.027247116,-0.000339963,-0.024253354,0.008220125,0.010201725,-0.00426963,-0.042978517,-0.009310398,-0.000664329,-0.001115741,0.015589544,0.047482237,0.035063152,-0.012086851,0.018290323,0.001863918,-0.024325022,0.027477195,0.004461506,0.002663752,-0.029534294,-0.009032384,-0.008110972,-0.043838923,-0.006066746,-0.00482891,0.002273338,0.024737895,0.012591747,-0.008117887,0.010360841,0.036158488,-0.041879511,-0.011751743,-0.006021874,-0.054428471,0.004399321,0.048278185,-0.073271613,-0.033995234,0.02264371,-0.010796071,-0.021684963,0.025090987,-0.018073188,-0.024914594,0.004733558,0.026601393,-0.033110514,-0.001267454,-0.012920028,0.003683735,-0.004459447,-0.026929936,0.13202947,-0.014406504,-0.019541629,0.034470664,-0.059625391,0.02743477,0.030818866,-0.010091172,-0.032103617,-0.026915705,-0.024412479,-0.018623789,0.028675073,0.028541868,-0.014020551,-0.06783013,0.00915901,-0.063624543,-0.011819987,0.006259779,-0.001817091
0.041313647,-0.017328069,-0.010383794,-0.054188543,0.007574061,0.113906612,-0.09457974,-0.027942833,0.005972797,-0.088363558,0.016523637,0.045968832,-0.013055515,0.012886957,0.008204501,0.019539805,-0.020330835,0.027919461,0.001128759,-0.012994577,0.006012413,0.018235447,-0.000736915,0.128812275,0.017124772,0.005411863,0.000847815,-0.029099475,-0.011057178,0.012226553,-0.0039052,-0.037120545,0.004385195,0.000230625,-0.001867507,0.003724977,0.047555308,0.036464745,-0.015137675,0.018898513,0.00223843,-0.016949186,0.03641832,-0.026661669,0.013351364,-0.029928286,-0.011378756,-0.009132097,0.086790995,-0.014564683,-0.0093927,0.0379486,0.024134229,0.026269977,0.008804481,-0.000952015,0.013823915,0.031975441,-0.019292226,0.000292193,-0.010645976,0.011672826,-0.045567417,-0.054514307,-0.032857398,0.000675895,-0.000277895,-0.020517825,-0.026431478,0.000826344,-0.021263166,0.001323443,0.015137035,-0.005526429,-0.00746016,-0.028047163,0.001248828,-0.017466307,-0.026457145,0.06088333,0.00741263,-0.013582968,0.029552347,0.005776411,0.031256984,0.054157017,-0.016573513,-0.039627991,-0.022979399,-0.014583551,-0.056952231,0.014605819,0.03813168,-0.019306128,-0.009221301,0.006476058,-0.056988485,-0.009470531,0.01968744,-0.00993356
0.024881956,-0.01781933,-0.012786251,-0.029901491,0.023730912,-0.032717815,0.009148832,-0.009416426,0.003503526,-0.028292447,-0.022193299,-0.02800003,-0.033575084,-0.012473125,0.066571287,-0.02719288,0.07871392,0.034354398,-0.007017261,0.004454327,-0.010932625,0.000209071,0.014412921,-0.038410189,-0.037071675,0.055320852,0.074086211,-0.03064429,0.013261559,-0.012991464,-0.007034311,-0.002983739,0.031435179,-0.001096095,-0.010385748,-0.015229028,-0.017582237,0.035050094,0.007381029,0.022685538,0.028439986,-0.017650732,-0.047646991,-0.1108052,-0.012941854,-0.002576911,-0.008970475,0.025576536,0.010602682,-0.01599312,-0.009384605,0.026186774,-0.076454549,-0.008099973,-0.000509685,-0.034072668,-0.054465106,0.013659983,0.040416345,0.004474247,-0.031678204,-0.018291619,-0.012522743,0.061162441,0.008049034,0.005572022,-0.062994272,0.040705573,0.028807007,-0.005099847,0.016254614,-0.004876471,-0.01243531,0.031522971,0.013167144,-0.021587291,-0.008514846,-0.026163075,-0.068578614,0.042122043,0.011212105,0.075653404,-0.096326702,0.059228552,-0.001418811,-0.004918962,0.020317902,-0.004939034,0.090718568,-0.015294241,-0.006230829,-0.007561323,-0.009291689,0.03551667,-0.022757499,-0.034313392,0.069877966,0.040516372,0.022701266,0.011325037
0.019629451,0.004132021,-0.023673641,0.032458919,-0.028322992,-0.012708954,-0.013261797,0.030887073,-0.01608649,-0.041253975,0.048445798,-0.02589565,0.03285067,0.025236457,-0.085409073,-0.040243597,0.062172148,0.028393991,0.017096785,-0.039349745,0.016695678,0.007936398,-0.015282641,0.049308714,-0.032000181,-0.039907315,-0.095926485,-0.018428767,-0.008732278,-0.003611734,-0.008552448,-0.000386006,-0.047491693,-0.001261135,0.018544012,0.013209974,0.013219336,0.072298635,-0.00346539,0.019557558,0.02957079,-0.093587813,-0.079978795,0.079911382,0.008967769,-2.40863E-06,0.008850288,0.010985247,-0.016526637,-0.026535548,-0.00668536,0.004255402,-0.086534572,0.017360965,-0.015569497,-0.005455734,0.04791427,-0.014068209,0.023456763,-0.043908413,0.02332006,-0.013048328,0.009878578,0.019947717,0.004231383,-0.01525981,-0.004364117,0.025446543,0.028556784,-0.02493069,0.013244048,0.054232385,0.008044909,-0.019398879,-0.008476681,0.006618303,-0.034899335,0.036050977,-0.043872898,0.025978197,0.008188322,0.126607794,0.002228358,-0.01581401,-0.028329388,-0.021647351,-0.097186609,0.035048969,0.04521545,-0.003259914,0.004918283,0.020551385,-0.008322633,-0.016658304,-0.032885891,0.022062329,0.092970724,0.033999468,-0.067224965,0.007399683
0.000415612,0.075598376,-0.067864446,-0.00047782,0.000768272,-0.030833177,-0.017164279,0.007045631,0.025632633,0.046208211,0.005739155,-0.000439111,0.013277842,0.004470593,0.003056156,-0.04918113,-0.043783717,0.007819733,0.004790486,0.024335059,0.014433081,0.037516821,-0.017325163,0.010880529,-0.004124345,-0.022165366,-0.004999118,0.024004407,0.010394423,0.001292346,0.034167861,0.096147329,-0.028912021,-0.061098063,-0.025916741,-0.004258207,0.009131891,-0.017966527,0.015155989,0.017794118,0.005781699,-0.004021592,-0.001317125,-0.028120424,0.005149178,0.004804984,-0.021369631,-0.066009899,-0.005599915,-0.007729119,0.020008136,-0.013124776,0.012791489,0.029205625,-0.035226228,-0.0901399,0.049010974,-0.001111221,-0.009098649,-0.074307713,0.008329144,-0.067743481,0.003970257,-0.020167539,0.026084517,-0.025078399,0.03677466,0.054607714,0.047752992,-0.050874411,-0.007292482,0.035022148,-0.01828159,-0.075310803,0.008252056,0.02343234,-0.030029536,0.036942605,-0.009475883,-0.027252618,0.036401339,-0.031505708,0.023665876,7.26257E-05,0.028686322,-0.057328244,0.007351798,-0.0241435,0.008025596,0.01269164,-0.001250491,0.046589774,0.025417923,0.016287878,0.019695203,-0.026009377,0.00339979,-0.000975283,0.019894093,-0.044814103
0.004761316,0.020658002,-0.127378538,0.044229847,-0.042009096,0.076054302,0.02824406,0.013420908,-0.008111739,-0.002258054,0.002053625,0.035589996,-0.049845067,-0.002638451,0.024065358,0.021361241,0.011614494,-0.057080118,0.004315259,0.001351951,-0.014691067,-0.015961062,-0.036069858,0.019138479,-0.022550256,-0.009222575,-0.086882643,0.049406442,0.011046162,0.00407622,0.003804886,-0.013008549,0.01959999,0.009943681,-0.012611134,0.000951331,0.016166325,0.015778599,0.007861289,-0.004321723,-0.018549671,-0.019163462,-0.053075048,-0.026161643,0.006178166,-0.001809843,-0.006500325,-0.023673153,0.020000737,-0.004192693,0.002560609,0.008174167,-0.030484016,0.016447071,-0.052973881,0.044667316,0.065405224,0.030278743,0.009168671,-0.033866486,0.022151717,0.02233977,0.008213172,0.003792272,0.010273468,-0.019365306,0.13477567,-0.015176938,0.026622233,-0.054040741,-0.029092145,-0.055251258,-0.023403628,-0.083025126,-0.018701742,0.051207708,0.063857871,0.00659763,0.024668893,0.031745258,-0.125945182,0.031095251,-0.035118258,0.012637586,0.026801691,-0.032055492,0.015974985,0.002559128,-0.052220973,-0.004135901,-0.02023216,0.052606277,0.0262055,0.040232786,-0.008017458,0.007077461,0.009764458,-0.00121644,-0.068890278,-0.058669333
0.024484604,-0.05933526,-0.016092055,0.105865191,0.004964765,-0.022158285,0.010887646,-0.031346636,-0.011792165,0.00409493,-0.035882945,0.001293036,-0.011728352,-0.009443667,-0.031686078,-0.050941668,-0.009666011,-0.023749477,-0.027302833,-0.014448547,0.007280869,-0.007960987,0.024596095,-0.025020352,-0.013053646,-0.002438897,-0.031216336,-0.023384582,0.030917515,-0.005333641,-0.009348083,-0.024911476,-0.034868657,0.018266981,0.004542742,0.030447987,-0.012324217,0.00230267,-0.009069229,0.02551365,-0.032827421,0.007257865,-0.015005373,0.015868824,0.03467451,-0.006663783,0.016924142,0.031022945,-0.011987853,0.01648945,-0.027407209,0.046749503,-0.005549495,0.109564787,-0.021680267,-0.031228422,-0.02196536,-0.070785941,0.027895026,-0.018700883,-0.007872044,0.016177141,-0.001552309,0.036145196,-0.00871005,-0.002152624,0.019952266,-0.061847691,-0.012628907,0.043999736,-0.009329298,-0.022534661,-0.011994165,0.077997497,-0.038852518,-0.005989133,-0.064967466,0.007586918,0.005835322,0.022542209,0.00591225,0.019913688,-0.030605066,0.026898871,0.006113219,-0.049039393,-0.002381593,-0.017002357,-0.009826262,0.034943763,-0.031864884,-0.004603575,-0.011433416,0.002370796,-0.008874526,-0.012925877,-0.025735065,0.088042116,0.023771636,0.012602214
0.031848171,-0.081465011,-0.019091657,0.065847,-0.029325659,-0.026692233,-0.000270302,0.023219848,-0.02576988,-0.017836817,0.044736996,-0.004266886,0.029416466,0.00030782,0.036736688,0.010359893,-0.015840564,-0.024558319,0.019814549,0.01671016,-0.004318727,-0.018537308,0.049237076,0.037246494,-0.009784606,-0.025043101,0.040228729,-0.002718193,-0.035197571,-0.008784641,-0.004344368,-0.015656044,0.031792401,-0.016803272,-0.004339692,-0.031032604,0.007910876,-0.00785917,-0.00256758,0.040825072,-0.006018105,-0.013956045,0.008364906,-0.029819271,-0.031775256,-0.006595632,0.001728989,0.035342514,-0.001197834,0.012287576,-0.011842417,-0.002795325,0.002937096,0.097116861,-0.025126885,0.008039573,-0.050841804,0.052143698,0.01456946,0.01439388,0.005780847,-0.01278005,-0.003534358,-0.021711195,-0.005590058,0.010849056,-0.026827812,-0.058464358,0.045256833,-0.046320612,-0.001098265,0.010023886,0.005507851,-0.058892407,-0.033666381,0.012991586,-0.007125293,0.023575103,0.009877554,0.002966466,-0.001572612,0.002937546,0.003349522,-0.061073484,-0.012198424,-0.057708102,-0.035701661,-0.011262897,0.007554835,0.000593114,0.079584625,-0.03323215,-0.010847626,0.008734183,0.004995268,-0.02259271,-0.028358758,0.087005794,-0.007855039,-0.013763498
0.093844693,0.022267032,0.07729182,0.028567445,0.021965559,0.132621922,-0.039458812,0.055017634,0.022284243,0.039598475,-0.069898584,0.003443709,0.007487385,0.028536243,0.006962886,0.020069402,0.029409563,0.020029593,0.00073742,0.02099647,-0.006233534,0.010279063,0.036042996,-0.018786352,0.004729615,0.022736379,-0.031390768,-0.031009805,0.023380352,-0.043204556,-0.019577878,0.060339061,0.019506838,0.000339604,0.016979519,0.015863785,0.131021941,0.033350067,0.018617212,0.010305662,-0.018373091,-0.035548082,-0.004334693,-0.032110766,0.005725333,-0.006559546,0.015780446,0.019101672,0.023423072,0.014752497,0.014329325,-0.050773705,0.042591124,0.021722038,0.029914752,0.028596547,0.047466651,0.019735422,-0.002901994,-0.041341252,-0.02155831,0.001558018,0.004480635,0.199822317,0.004156829,-0.010547633,-0.102312223,-0.012701805,-0.075376487,0.005382319,0.053537241,0.047562448,0.055074108,-0.143834127,0.028572781,0.001874739,0.006980464,0.072514674,0.028029174,-0.029331506,-0.065645717,-0.044737623,-0.027849689,0.030846893,-0.076837604,-0.04366756,-0.0566032,0.018200308,-0.001022927,0.00372852,-0.098370665,-0.005853603,-0.044621851,0.120047587,0.026026488,0.020717467,0.047930685,0.036539296,0.046173706,0.02687338
0.093472366,-0.0667732,0.016266046,-0.05918137,-0.010685504,0.000691781,0.008022768,-0.020895322,-0.048681291,0.058205648,-0.04019916,0.038546718,0.044499278,-0.003258101,-0.045961657,-0.003982407,0.046569193,0.014427674,0.038845904,-0.019260639,0.009278111,0.00866542,-0.031745397,-0.005592512,0.015194135,0.034397574,0.027668006,-0.039114178,-0.047816659,0.021314502,0.01080355,0.003765366,-0.028333158,0.050917456,0.046434483,0.05376929,-0.00125072,-0.01959397,0.006438261,-0.002340383,0.002975763,0.011921177,0.061677532,-0.065274016,-0.068966468,0.035228245,-0.017341935,-0.05430444,-0.003758873,-0.06540033,-0.010158604,0.042371394,0.003151161,-0.098292274,-0.05852437,0.017646901,-0.091441689,-0.047416118,0.072940826,0.000220268,-0.005295948,0.021638151,0.001032667,-0.000788574,0.035949592,0.012298917,0.002917643,0.004603618,0.060776103,-0.030478393,-0.017623749,0.052290964,-0.079072468,0.016628882,-0.023584314,0.081713928,-0.039417878,0.003911116,-0.029922249,-0.052656231,-0.008213373,0.021104627,-0.044883849,-0.10552487,-0.032679629,0.048512439,0.023229984,0.058820469,0.075935164,-0.055051382,-0.040074226,0.07509711,0.001126411,-0.003993749,0.024247072,-0.020017139,0.016236212,-0.031286838,-0.072668964,-0.087800131
-0.029022378,-0.001258929,0.015027906,0.017565216,-0.004740611,-0.044779348,0.025114042,-0.007585014,0.011310393,0.021592825,0.090496485,0.043037815,-0.011936876,0.019049876,-0.005700512,-0.01548135,0.017280657,-0.01474124,-0.001912959,0.01305363,0.038609295,-0.027575038,0.008778831,-0.044178913,0.013776954,0.013323102,0.01593531,-0.052653716,-0.008936977,-0.036344201,0.031948681,0.032196369,0.018241906,0.011550495,0.023328384,-0.015536075,-0.034837254,-0.021453678,0.01826212,-0.015330503,0.036263662,-0.05307276,0.015737656,-0.003065117,0.000632797,0.034310075,0.007023573,0.00721491,0.043403322,-0.018553878,-0.006503129,-0.010906606,-0.007561698,0.013112266,0.003422976,-0.00577142,-0.028023736,0.036497637,-0.031178225,0.006596602,-0.322277092,-0.010580545,-0.085431681,0.031303265,0.010200652,-0.013587464,-0.02572699,-0.022264307,-0.008224097,-0.023116282,0.00800235,-0.012595104,0.025876157,-0.040554728,-0.029792144,-0.017518512,-0.005723666,-0.005487512,0.011784759,0.196928779,-0.013967341,0.012828609,0.051641156,-0.070870604,0.023714541,0.086014173,-0.001563198,0.027332902,-0.005076956,-0.025955372,-0.054358881,0.077939445,0.034980579,-0.01979053,0.01085897,-0.00057165,0.051150223,0.018269959,-0.008604863,0.003168852
0.029194485,-0.010542193,-0.000659641,-0.008448724,-0.002943634,0.065939109,0.204050207,-0.014513257,-0.031739506,0.00813249,0.000166899,-0.063949707,-0.014387346,0.034795212,-0.007706917,0.00473339,-0.024075256,-0.006442675,-0.004644299,0.014144049,0.008317048,0.005875341,-0.032118377,-0.023691982,-0.01250089,0.00963566,-0.034104563,0.022909671,-0.001869963,-0.024586547,0.014758111,-0.015177849,0.018085747,0.013884682,0.011790633,-0.050388704,0.019713589,-0.012760213,-0.007801525,-0.004581621,0.004380656,0.026178951,-0.05037423,-0.013937491,0.007665298,0.000418298,-4.45775E-05,-0.006982643,0.0579484,-0.013698895,0.0041037,-0.048321845,0.013773384,0.021139567,-0.003666963,-0.013421998,-0.005382075,0.01183461,0.027618341,0.004520011,-0.180947095,0.014275107,-0.123718322,-0.033713393,0.027325243,-0.081654769,0.025749903,-0.019150209,0.027036409,0.008016464,0.010361195,0.033702588,0.015737793,-0.002459028,0.018045865,0.048191623,0.000770375,-0.000936421,0.015712122,-0.039502,0.007597654,-0.071421603,0.001396547,0.010857047,0.03534964,-0.044425253,-0.031779169,-0.02158563,0.055177577,-0.010547054,0.012632564,-0.021885998,-0.042691515,-0.025168231,-0.122725713,0.011942957,-0.021490865,-0.001467847,0.011011695,-0.00215362
0.021650453,0.001581094,-0.010967995,-0.012029333,0.048711085,-0.01403504,0.00661947,-0.006709931,0.055742293,-0.022453946,-0.046760895,0.026218329,-0.055144328,-0.033608449,0.027109054,-0.006343943,-0.022951071,0.009048305,0.052819407,0.066241295,-0.020596232,-0.028530386,0.010754239,0.00099372,-0.041492108,0.034942641,-0.043920515,0.008919501,-0.010655668,0.020006659,0.011593371,0.000188527,0.053354205,-0.016710607,0.033421947,-0.103756322,-0.003425879,0.014407491,-0.002786197,0.007338176,-0.030332165,-0.005290571,0.116944009,0.018491792,-0.014889334,-0.01445132,-0.004363719,0.014726832,-0.002098553,-0.011583903,0.004480128,0.038002822,-0.03126382,0.008167648,0.015824489,-0.020797346,-0.011516096,-0.015155454,0.003286697,-0.018875203,0.042467859,-0.003419671,-0.011718669,0.024333888,-0.006395986,-0.039206214,0.013366282,0.001755546,-0.048482819,0.010659868,-0.008495304,-0.005668242,0.010924287,-0.008265354,0.027933358,0.001139576,-0.005163346,-0.006800542,-0.041682513,-0.067929008,-0.019084244,-0.0684668,0.007236969,-0.012569205,0.025045827,0.015691147,0.045229651,-0.000780453,-0.061367811,0.042167271,0.045521216,-0.011636786,0.019122088,0.011526818,0.000917601,0.003010014,0.0203443,0.014931995,-0.005777695,-0.005060481
-0.003236364,0.002024092,-0.016075433,0.027234985,-0.012025682,-0.02232092,0.064953526,0.001417428,-0.037507734,-0.020806861,-0.081894998,-0.01038152,-0.072183491,0.038165992,-0.014264279,-0.013198831,0.034367986,0.0100382,0.001789958,-0.046514645,0.007274765,0.007271047,-0.008190373,-0.008141974,-0.062806594,-0.01237549,0.021021052,0.034829177,-0.029340001,-0.025280857,-0.040969385,0.017234876,0.043313418,-0.004046974,-0.006920735,-0.014983064,0.015490762,0.051522383,0.012186708,0.013177206,0.018360202,0.014695795,0.041592942,0.051148061,-0.011083506,-0.009906302,0.026384184,0.004567673,-0.011729819,-0.000498825,-0.012911843,0.010190893,0.007294548,0.019751874,0.00840286,-0.008944887,0.032663262,-0.033492754,0.013254422,0.035960396,-0.021477244,-0.039566981,-0.011981905,0.01421024,-0.001068891,0.000333142,0.033780514,-0.048219092,0.025507276,-0.002607186,-0.003889433,0.020372039,0.012337785,-0.007451312,-0.001397413,-0.043773406,-0.001857674,0.014083026,-0.027897747,-0.015497887,0.000224198,-0.112558729,0.070947063,-0.002424984,0.00169649,0.009556921,0.009389672,0.010130808,0.081724222,0.01017341,-0.041051945,-0.013342622,-0.011154176,0.004333938,0.000182057,0.036758562,-0.059161499,-0.007440951,-0.034449771,-0.015498809
0.00229464,-0.013311657,0.037197389,-0.035547858,-0.069398813,0.020880855,-0.016719244,-0.00283687,0.016634613,-0.021809555,-0.029005435,0.042966326,-0.009121687,0.000527919,-0.01479926,-0.009762878,0.014349489,-0.039193715,-0.009424188,-0.012161166,0.005957349,0.014170993,0.04077208,-0.008686373,-0.027314754,-0.028480587,0.168724362,-0.054015901,-0.003753179,0.027449608,0.074760789,-0.047278101,-0.022553403,0.112957157,-0.000981585,0.054007961,-0.01829513,-0.012422454,-0.019594134,-0.036731704,0.009585895,0.011195241,-0.10874653,0.070031231,0.010063136,0.01707429,0.005514883,-0.001333476,-0.0028895,0.006407058,-0.031865444,0.006943093,-0.005776555,0.014053898,3.40694E-05,0.049576653,-0.069366421,-0.030877272,0.007137182,-0.12370206,0.000928909,-0.044387169,-0.009134983,0.008973056,0.014625394,-0.001341203,0.018874795,0.086950709,0.009150346,-0.048834516,0.010869912,-0.01328367,-0.025377523,-0.050872475,0.068989563,0.040733031,-0.023444493,0.001442857,-0.031360283,-0.067800478,0.008245214,-0.007566496,0.054369102,0.010667026,-0.017857261,-0.038000548,-0.013715637,-0.013724636,-0.137050691,0.000770467,0.007563511,0.076265856,0.050219415,-0.025126478,0.005270233,0.050697503,-0.001685979,-0.021723868,0.070263509,0.022758419
-0.000918945,-0.0030673,0.077668641,0.05736827,-0.058173223,-0.003654421,0.022083182,0.006708511,0.001240582,-0.01625578,0.005470049,0.039307684,0.056961271,0.012425937,0.008601988,0.00268817,0.024883681,-0.021156153,-0.024801825,0.014154882,0.003986509,-0.020135713,-0.043126014,-0.022112303,-0.014424504,-0.009858718,0.123078953,-0.034539357,0.015459312,0.031824665,0.059747399,-0.044081268,0.009884665,-0.046882415,0.009784313,0.032652344,-0.002975491,-0.01575174,0.020885856,0.007493506,-0.017801662,-0.057501765,0.144011307,-0.019600562,0.00606346,-0.009731694,-0.013812168,-0.039107502,0.003044,-0.015959497,0.056405013,-0.028923733,0.003640744,0.035205993,-0.003425696,0.07430629,0.063126553,0.025064518,0.005147181,-0.165686912,-0.004346139,0.035396805,0.017734326,0.002123514,0.011946553,0.066711463,0.003858604,0.058370363,-0.013859223,0.007770224,-0.027013154,-0.031371609,0.007307452,0.035572192,-0.023793255,-0.1501037,0.023936942,-0.02249645,-0.00109764,-0.060776596,-0.035191768,0.00387713,0.047789545,0.007526342,-0.015694254,-0.059913658,-0.001243969,0.004605704,0.129480656,0.011402482,0.010027087,-0.073797899,0.03194906,-0.019671097,-0.017566303,-0.013600868,0.006654661,0.004346199,-0.05081255,-0.030419149
0.008582162,0.066881613,0.019608805,0.055359169,-0.076078354,0.02001748,-0.020219887,-0.01612538,0.008523611,0.000594574,0.118597116,0.015961085,-0.064016381,-0.050323567,-0.001769342,-0.050215077,-0.004932468,-0.004182097,0.093125283,0.005854619,0.016515824,-0.012952449,0.048906918,-0.02423915,-0.030148194,-0.028709274,-0.057028985,-0.024294599,-0.015655555,-0.01915083,-0.0201583,0.007179788,0.001330744,-0.027440152,0.017842749,-0.040895909,-0.002357599,0.021331553,-0.001554319,0.013624441,-0.014740808,-0.092711471,0.06071007,0.008602995,-0.004627367,-0.017289879,0.026507588,0.04552804,-0.005264137,-0.010820089,-0.034801101,-0.07048618,-0.005186733,-0.048333702,-0.035639193,0.008161413,0.028716753,-0.040100577,0.042418613,0.053228924,0.043142546,0.018367457,-0.017266731,0.024960233,-0.026479615,-0.056349888,0.032082714,0.102995569,-0.016382215,0.012694829,-0.000669049,-0.005507968,-0.027288606,-0.033999858,0.019017544,0.140920934,0.016776951,0.005284145,0.016723152,-0.006323504,-0.048953049,-0.01393008,-0.02818252,0.098741879,-0.031548569,0.134695779,0.006066594,0.005555843,0.042916819,-0.023759815,0.023161587,-0.034266136,-0.012362251,-0.02220646,0.018276148,-0.057949032,0.021030407,-0.044411747,0.015529117,0.008679435
-0.027393174,0.009296997,0.01552214,-0.05164531,0.015809117,0.002540276,0.023690141,-0.027672693,0.019421905,0.003131852,0.10104444,0.011681658,0.113137129,-0.07795507,-0.025524708,0.022388879,0.014668865,0.019622419,0.060656602,-0.047217505,0.039513038,0.045194853,-0.065846627,0.009730073,-0.007411229,0.021596823,0.005428918,-0.021633641,0.0412752,-0.003301576,0.045892738,0.026510203,-0.042167353,-0.060737329,-0.023492,-0.134748472,0.008799308,0.030385597,0.002338385,-0.070706989,-0.131008655,-0.001438108,-0.021228684,0.042184038,0.026622381,0.009691439,0.033913308,-0.040805939,-0.003504277,0.007791054,0.004174256,-0.054352195,0.006873861,0.003690732,0.011915438,-0.014246335,0.077644528,-0.089534938,-0.001002877,0.080566475,0.030074207,0.059721322,-0.009300821,-0.013004575,0.00304004,0.040072382,-0.009460396,-0.156764264,-0.036539772,-0.018840771,0.009993206,-0.001459851,0.006562815,0.016108904,0.079313457,-0.140544135,0.009407184,0.003797466,-0.001951297,0.035559767,-0.034434601,0.040284727,-0.020185161,0.035833941,-0.012244447,-0.122613476,0.041989011,0.003728805,0.062394403,-0.008342167,0.002393924,0.085284028,-0.014443397,0.01167461,-0.009360072,-0.003190985,-0.008365872,-0.029078134,0.01875339,0.009347955
0.066765081,0.02488544,0.015539747,0.045698155,0.033920492,0.03540831,0.090052303,0.023129357,0.018475682,0.034776126,0.051266682,0.045783361,0.064291848,0.059455603,0.016230544,0.029711192,0.020994981,0.015983476,0.047211447,0.021673992,0.006464608,0.032083382,0.056759359,0.027951105,0.031108135,0.022461861,0.050874486,0.081223355,0.038995827,0.111684778,0.05347101,0.016939537,0.027022909,0.076218206,0.03752862,0.063956794,0.040048275,0.057099477,0.052968978,0.0197295,0.035425426,0.071325757,0.090135373,0.04755744,0.021749061,0.022811277,0.022651904,0.029586722,0.007204802,0.017155327,0.030867894,0.166124163,0.010753667,0.03429886,0.022413426,0.011687991,0.069102156,0.035276238,0.070633681,0.063141445,0.030582285,0.027940286,0.009030155,0.04918243,0.048354523,0.04395185,0.039392386,0.026473786,0.02529241,0.027196838,0.049009724,0.036359601,0.030131786,0.059796329,0.051954333,0.118179115,0.016118709,0.018446274,0.052048327,0.099678159,0.028089217,0.035019275,0.050117686,0.080009809,0.103433635,0.00727137,0.052390016,0.03016791,0.133364418,0.03050303,0.151594241,0.118494333,0.088229435,0.032066393,0.019674374,0.028740475,0.008292995,0.016771385,0.068824469,0.034011465
-0.052519985,0.025737015,-0.022211783,0.042726363,0.022993499,-0.029987713,-0.067518363,0.001455648,0.030374622,-0.031354078,-0.141466467,-0.039390283,0.064840941,0.020950803,0.017304262,0.008124918,-0.025225797,-0.009710336,0.059570665,0.029936642,-0.012339541,-0.002797704,0.058776575,-0.016605644,-0.008347647,-0.015385865,-0.02634276,-0.066061413,0.03925091,-0.044741059,-0.023807404,-0.011179016,0.022249059,0.082245328,0.106103631,0.086232237,-0.015240571,0.040736597,0.008154155,0.007760172,-0.027613685,-0.019106727,0.114497327,-0.029255862,0.027041579,-0.044054782,0.031992548,0.038456278,-0.002868134,-0.004415988,0.024305631,-0.042235478,-0.009984649,0.037048313,0.015516438,-0.013180953,0.06544878,0.034853054,-0.084046051,-0.042785927,-0.043017098,-0.017233604,0.001727946,-0.051215855,-0.039079767,-0.006667601,0.038560178,-0.017083845,0.037859577,-0.032531673,0.015473004,-0.030582372,-0.076976854,0.048847147,0.047396546,0.129655172,0.021741917,-0.021289339,0.055549944,-0.087734419,0.020320001,-0.002612187,-0.034649415,-0.110341917,-0.05443235,0.031156106,-0.010090697,-0.025289907,0.109303145,-0.040430453,-0.093130176,0.108860253,-0.08408346,-0.023067226,-0.014498749,0.016634326,-0.018511865,0.002161247,0.058543304,0.032000262
-0.012502598,-0.016386221,0.012383909,0.009221037,0.012768441,0.026243301,0.030271148,-0.015654009,0.001662707,-0.025806892,0.016596828,0.113233907,-0.006220436,-0.10947238,0.004956011,-0.008942915,0.005907627,-0.012564568,0.007527734,0.002797839,-0.063032887,-0.030453932,0.076318095,-0.088402369,0.009444065,0.015855976,-0.029540186,0.009343886,-0.008486134,0.073990785,-0.053024882,0.023270116,0.009263383,0.004100124,-0.027437719,0.017107882,-0.020613284,-0.018168683,0.034688997,-0.008963565,-0.045946805,0.001733055,0.047304755,-0.009656109,0.005539323,0.037530188,0.018242143,0.003976299,0.039450597,-0.034345929,0.001609753,-0.021041598,0.00460025,0.026745209,0.01581461,-0.006478234,-0.017301629,0.0321433,-0.048184159,-0.03710561,-0.034953657,-0.047896012,0.30505584,0.002152052,-0.017038801,-0.008397016,0.015732554,-0.02147632,0.025837401,-0.000846632,0.008293201,-0.005640309,0.020736895,-0.017221161,-0.034279414,0.017642344,-0.010644845,-0.031834704,-0.014777873,0.025073626,0.00121023,-0.064720971,0.012322787,-0.017384199,0.037540102,-0.031423257,-0.025731299,0.013055215,-0.054325622,-0.015252284,0.012790379,-0.019074799,0.036609047,-0.024044764,0.030263019,-0.003284476,0.034676024,0.015970604,-0.000683561,-0.001760522
-0.001560306,0.014358901,-0.008889839,-0.014152071,0.030557442,-0.072086936,0.126698801,0.010282828,0.015099744,-0.066967907,-0.033568072,0.003547441,0.007687576,-0.044491354,0.018509141,0.003900735,0.005909065,0.010643133,-0.005244228,-0.010224338,-0.095614307,0.052514654,-0.00293012,-0.114966577,-0.006043555,0.001933585,0.016308663,-0.029968132,-0.006093433,-0.041004498,0.022181575,0.001006954,-0.006905575,0.00475562,0.01524512,-0.028760247,-0.004735227,0.047477466,-0.032942864,0.027126061,0.013278217,0.029535381,-0.065564061,0.012215217,-0.005040984,-0.065904027,-0.011547688,0.000245472,-0.058678355,0.023375252,-0.001740965,-0.031108739,-0.012437466,-0.03023272,0.012270671,0.005931617,0.005352024,0.016453119,0.020696574,0.016954698,0.012354578,0.015897414,0.09860687,0.031303661,-0.030080217,-0.029098473,-0.020300537,-0.002659019,-0.009294484,-0.018760111,-0.010830588,-0.016715756,0.006723925,-0.031071532,0.03566692,0.032996449,0.001864666,-0.004230668,-0.042009078,0.125394184,-0.012568448,0.032424409,0.026419826,-0.062258459,-0.002806202,0.051282753,0.012917735,-0.004351471,0.062993345,-0.008846519,-0.012103078,-0.023856404,-0.064532582,0.040765613,0.079971444,-0.00648192,0.000734043,-0.007666264,0.007141733,-0.002342801
0.010474463,0.02232016,-0.021556446,0.011412548,0.042731255,-0.004640652,-0.028817852,-0.022412343,0.037522571,-0.019807435,0.036708324,0.041498894,0.009920739,-0.11222262,0.060354594,0.000438578,-0.037866789,-0.001533271,-0.012681287,0.166075374,-0.017920788,-0.040537933,0.011972571,-0.018998274,0.132142215,0.011495273,0.014203989,0.036379454,-0.031499235,-0.007021993,0.009134479,-0.006453647,0.068593401,0.004261749,-0.010196768,0.010107537,0.000622589,-0.095625692,-0.041571712,-0.024235406,0.043065185,-0.063952115,-0.127761151,0.057515483,-0.044788639,0.017526778,-0.072816995,0.006768539,-0.014547995,-0.025165895,0.037517084,0.022622207,-0.040584152,0.036281221,0.063906194,-0.017625129,0.023558318,-0.039834422,-0.030647817,-0.024611676,-0.032150751,0.117829331,0.037808819,0.031416205,-0.001301096,0.009700035,-0.00500478,-0.035892416,0.051783822,-0.015966478,-0.018460507,0.004209196,0.024908899,-0.005861906,0.013032334,-0.005518426,-0.009386142,-0.006164116,0.031160987,-0.03957608,-0.001326054,-0.116645655,0.058399732,0.034720419,0.003489531,0.012408929,0.006145712,0.006887439,0.106113711,0.038068232,-0.04735643,0.003598267,-0.012392618,0.013076247,0.013193602,0.033802202,0.044285958,0.019025785,-0.034850964,-0.029924384
0.012977482,-0.026356312,0.006163184,-0.021144371,-0.048961184,-0.011406427,-0.033270672,0.028385788,0.039116432,0.008756495,0.033410157,0.053853823,-0.006266189,0.089421578,-0.060978667,0.000219029,-0.020754265,-0.000244232,0.015683504,-0.093297083,0.013134164,0.018923241,-0.018591262,-0.001327692,-0.034025004,-0.00360658,0.005397337,0.020556801,0.033862688,-0.002583126,0.011653342,0.000743428,-0.068887548,-0.006002434,0.010820208,-0.035258436,-0.005018096,-0.055567875,0.033600226,-0.043019269,0.045240331,-0.10245303,-0.118971909,-0.012106226,0.038626147,-0.017187799,0.073356964,-0.001096737,0.012791197,0.006485694,-0.007103339,0.046252783,-0.031290508,-0.030353941,-0.066243554,0.011154067,-0.02138645,0.039435497,-0.074433498,-0.050066278,-0.011579106,-0.058724116,-0.025837186,0.002656964,-0.021277461,-0.012700205,0.056797267,-0.032548929,-0.082045054,0.035453744,0.011348285,-0.003759545,-0.010319015,-0.006222126,-0.019983531,-0.005081133,-0.008986636,0.006981531,0.136809571,-0.044111652,-0.017718536,-0.108452929,0.039984778,-0.055295472,0.025427253,0.016688046,0.063720324,0.000140914,0.115590119,-0.002492485,0.03413902,0.006187371,-0.007886103,-0.004775445,-0.014145491,-0.037702196,0.036931614,0.015422774,0.018922373,0.036124889
-0.001131946,0.048227882,-0.067807205,0.02421578,0.062556766,0.022379364,0.062953909,0.011260102,0.001080909,0.016624155,0.013227767,-0.061736288,-0.049901869,-0.002044056,0.009990084,-0.010162432,-0.01184818,0.010460772,-0.001673846,-0.037023426,0.019233965,0.00205926,0.132099071,-0.013447627,0.038271747,-4.49848E-05,0.100856818,-0.054542142,0.008281134,0.016449576,0.011307472,0.019171012,0.000701448,-0.026639266,-0.01617745,0.006212014,0.006369687,-0.010618737,-0.043251383,-0.033684656,-0.043087607,-0.061044737,0.001522616,0.073549634,0.01071887,0.008448996,0.039670442,-0.028801692,0.005113458,-0.007824886,-0.063990428,-0.001121857,-0.008376499,0.040396951,-0.044219585,-0.02565412,0.05115372,0.0158653,-0.005283346,-0.096607449,0.03579619,0.006765582,-0.031782453,-0.005744696,-0.047262432,0.001765753,-0.044550221,0.004877,-0.033337829,0.016156777,-0.012569889,0.00832911,0.002485983,0.039144228,0.072597179,-0.000907323,0.008213105,0.019838045,-0.056623368,-0.020083093,0.017761897,0.010877791,0.015213501,0.003336566,-0.034603807,0.037656329,-0.017707606,-0.001207029,0.005896337,-0.010230194,0.010676195,0.037220901,0.045026925,0.017194693,1.53845E-05,-0.027554207,0.007756667,-0.004795357,-0.031310123,-0.052541541
0.005318606,-0.03693572,-0.023484393,-0.01708086,0.008411386,0.02857201,0.038138245,-0.000251411,-0.022771309,0.00994521,0.008003696,-0.032134284,-0.065060232,0.034353463,0.01563419,0.03139828,-0.009998413,-0.014073279,0.008775619,0.0524948,0.071300376,0.054592247,0.010022636,-0.007851713,0.026822752,0.019664182,0.076809741,-0.024387944,-0.009666048,-0.012131525,-0.067469896,-0.030382978,0.020101266,0.022968231,0.009227821,-0.020839714,0.0129262,-0.101878214,0.03599137,0.051194671,-0.019910834,-0.007633652,-0.029604432,0.004335525,-0.011125708,-0.007954019,-0.032633525,0.046667268,0.011769819,0.00360076,0.115383397,0.021013076,-0.014153801,-0.03504105,0.009283274,-0.030159765,-0.008675786,0.007770025,-0.029763372,0.118459955,0.015600062,-0.082982651,0.017006505,0.008423327,0.024556283,-0.009707117,-0.036123295,0.054094515,0.008226704,-0.009209603,0.006397021,-0.012693368,-0.002574339,-0.003871072,0.023532399,0.034380441,0.05914428,-0.025020864,-0.089984999,-0.046067342,0.068370954,-0.029179331,0.041108475,-0.002686475,-0.00443326,-0.025351066,-0.008257272,0.008942154,-0.020857515,0.008824079,0.011166001,-0.005682502,-0.023611358,0.023060661,0.007587546,0.012349889,0.000621036,0.016318719,-0.0313219,0.003266083
0.00240795,0.050743631,0.02359909,0.016465508,0.087148154,0.015208549,-0.026017126,-0.008926599,0.004109588,-0.003557273,0.01889713,0.004785859,0.028967427,0.159726923,0.025001349,-0.014320641,-0.00239757,-3.61625E-05,0.004256884,0.005098899,-0.058954288,-0.050229698,-0.009153747,-0.012457447,0.022815531,-0.021704893,-0.016864187,-0.020602811,-0.019650356,0.009764166,-0.005507419,0.018744524,0.008594381,-0.010503793,-0.00750043,-0.007338333,0.011327008,-0.022291163,-0.017298418,0.035749141,0.135425794,0.010463724,0.023063059,0.050958065,-0.031740575,-0.020191518,-0.045631026,0.023084501,-0.006438441,-0.006028767,-0.021700064,-0.027551226,0.000369885,-0.021987988,-0.060473889,0.010414017,0.023621851,-0.013859803,0.004639669,-0.013180039,-0.011419362,-0.040225526,0.037725439,-0.000525606,-0.0166225,0.019725626,0.007073424,-0.111822207,-0.052351964,0.009786196,0.003230966,0.00365031,0.002871592,0.044340006,-0.114700717,0.049537634,0.044129874,0.024964494,-0.037155032,0.031122753,-0.030329849,0.033780606,-0.022522263,0.060838923,-0.005993405,-0.083297274,0.048590081,0.005149158,-0.024551172,-0.008152237,-0.037357255,-0.053668427,0.023028573,-0.019690881,0.013857254,-0.043455316,0.008960096,-0.035931934,0.00673873,0.001654252
0.001897323,0.013392819,-0.008275357,-0.000656484,-0.056530748,0.008821714,-0.016691171,0.030270345,-0.000669763,0.012542816,-0.023176472,0.001655056,-0.01702442,-0.139117319,-0.001356487,-0.02637746,-0.000886914,0.000312146,-0.001441637,-0.045017574,0.063925896,0.000469056,0.115514455,0.010821558,-0.069312049,0.009156104,0.001851979,-0.028066762,-0.001609795,0.019818896,0.013992189,0.00409339,0.010173035,0.002104236,-0.002892312,0.009988134,-0.003682672,0.018131368,-0.016463442,0.079988939,0.078439114,0.018168297,0.007776664,-0.026197982,0.004511023,-0.013008589,0.093301164,0.005111383,0.014993233,-0.011766131,-0.088503375,-0.049182066,0.001738701,-0.082788815,0.06925927,0.000842853,-0.04421311,0.045226904,0.106398116,-0.004124391,-0.004157899,0.077591642,-0.033774475,-0.020565755,-0.024685167,-0.006304358,-0.004311007,-0.077297033,0.041038631,-0.003276415,-0.009994387,-0.007617738,-0.012853028,0.00155034,-0.0764479,-0.000169227,0.012455033,-0.030000569,0.052521853,0.01801062,0.00193545,0.013154834,-0.028698226,-0.034810436,-0.011402572,-0.053242494,-0.049307473,0.003968849,-0.009400383,0.033556903,0.063019394,0.041084417,0.03243848,0.011563125,-0.001647969,0.039308921,0.016485293,-0.046454858,-0.015282886,-0.008860744
-0.010710811,-0.009017027,0.016460469,0.00741047,-0.02269858,0.021047521,-0.049540584,0.00272752,-0.021639609,0.003718386,-0.094099007,-0.056399602,0.023268229,-0.064376916,-0.014495755,0.006707098,0.001205698,-0.00348417,0.010295337,-0.017151538,-0.0119559,-0.022284606,-0.064663326,0.015320088,-0.043849285,0.006273174,0.014195011,0.054794986,-2.1605E-05,-0.041326813,-0.017277128,0.011239671,-0.004069211,0.016470327,0.038730752,0.037823528,0.021708816,-0.06103198,-0.049027298,-0.008220868,-0.018262261,-0.035688409,0.013282015,0.056372278,-0.017836689,-0.026681541,-0.020964302,-0.00850527,0.002009017,-0.034586202,-0.039801029,-0.041320468,0.008399053,-0.018959719,-0.004131049,-0.016763095,0.004891995,0.011053598,-0.084809463,-0.045352078,-0.029515253,-0.046020682,-0.008015206,0.029477193,-0.052087102,-0.010045946,0.033809582,0.010997152,-0.000431094,0.02593717,-0.018722046,-0.007277266,0.032304113,0.043643654,-0.059226519,0.02747154,-0.01041676,0.012654024,-0.060314265,0.07228089,0.029347239,0.011229272,0.04243449,0.073716733,0.067071965,-0.005945652,0.019888479,0.027246841,0.024628422,0.037199876,0.091584447,0.014164453,-0.059073391,0.01840839,-0.005526832,0.004384108,0.013192393,-0.003666907,0.003888622,-0.018604869
-0.026968082,-0.044314462,-0.00756385,-0.037641515,0.067363457,-0.024248063,0.066878128,-0.032209767,-0.014134225,-0.016888751,0.055863195,-0.050597816,0.014990632,0.067664864,-0.026079816,-0.021527808,-0.008276474,-0.007262438,0.000735334,0.079192841,-0.026897897,0.004427317,0.095922614,-0.012957899,-0.021986396,-0.011789596,-0.044916713,-0.022035615,-0.031048093,0.075895357,0.033833702,-0.014719639,-0.020760498,0.011277203,-0.019693224,0.01173666,-0.046506156,0.095703203,0.01703466,0.027699596,0.02471572,0.031432164,-0.004513799,0.006573723,-0.041479021,-0.048335026,0.047812614,-0.022859715,-0.00797338,-0.016962406,0.026548898,0.099167082,-0.00698768,-0.06039474,-0.034425705,-0.002097117,-0.053205646,-0.027611085,-0.122581318,0.03544453,0.02837738,-0.0458446,0.008530958,-0.025188593,-0.048225596,0.02520416,-0.038058314,-0.016937333,-0.05349348,0.002562979,-0.030219245,-0.014798986,0.023579856,-0.054412553,0.077111172,0.014873969,-0.030801763,-0.00782113,0.078900808,-0.012478741,-0.01436015,-0.035686319,-0.005641152,0.016177712,-0.05223559,-0.030336183,-0.048929455,-0.019771121,0.028688513,0.010244016,-0.073110573,0.021173695,0.070963131,-0.0279214,-0.007909553,-0.022287509,-0.00035679,-0.020579909,-0.049163786,-0.060547689
0.006077407,-0.032681,0.005450818,-0.003700621,0.011067487,0.13476658,-0.031351213,0.014445036,-0.009414488,0.019881033,-0.036401091,0.149723071,0.004806551,0.005788957,0.024433164,-0.003633599,-0.005921407,-0.008496936,-0.005727103,-0.006641993,0.03399786,-0.014964738,0.036393097,-0.092126611,0.041984634,0.013243568,0.011202495,0.020681224,-0.008406374,-0.042810128,0.029241154,-0.003425603,0.023049105,-0.005542592,0.014312953,-0.011233702,0.002615445,0.026315837,0.010287712,0.010919711,0.023491234,0.013913609,-0.039170863,0.025844174,-0.004539149,0.007333897,-0.003585457,-0.001312504,-0.112575318,-0.025751427,-0.020980018,0.023087371,0.01695678,0.00862432,0.013606841,-0.008255067,-0.017090663,0.035324717,-0.079232794,0.024959533,0.106258888,-0.009938381,-0.058830455,-0.049595872,-0.046663365,0.005120907,-0.004746919,0.025883917,0.007376251,0.000422116,0.00615505,0.011268618,-0.021447429,0.00995107,-0.056747173,-0.00970862,-0.014962356,-0.061773767,-0.031749388,-0.06314146,-0.002546506,0.039518814,-0.029002087,-0.000896997,-0.039797462,-0.032624615,0.025719108,-0.002153769,0.0446456,0.018817637,0.047122008,-0.006345201,-0.036079305,0.000489358,-0.061847951,0.006741032,-0.006680661,0.002802878,0.004731961,1.45995E-05
-0.006351502,-0.000269863,0.007472052,-0.008304918,-0.015110033,-0.029829841,-0.107443532,0.037228775,0.01441183,-0.022848148,0.02200907,-0.094594171,-0.013267273,0.034243127,0.010461174,-0.003031001,0.006840434,0.000717448,0.002090385,-0.020549255,0.01288359,0.036746163,-0.04066694,-0.098535745,-0.018899358,0.010960746,-0.02649202,0.003800216,-0.010451105,0.019938237,-0.010187424,0.022126166,0.013437077,-0.002279148,-0.00780139,0.010650953,-0.030093868,0.025555842,-0.02888919,0.01965346,-0.00321449,-0.020977708,0.046917838,-0.007992153,-0.014678345,-0.041612417,-0.014116576,0.002201707,-0.155985159,0.008099369,0.008658543,0.03852359,-0.012816464,-0.027143662,-0.002012687,-0.00113885,-0.011684262,0.039714496,0.05285217,-0.003756853,-0.004839093,0.025896484,-0.017618597,0.0199025,-0.003623785,0.008795265,0.013547986,-0.019059812,0.014509127,-0.002174543,-0.004390236,-0.013301353,0.018141478,-0.021709718,0.042384063,-0.030691305,-0.00549266,-0.011872423,0.001667577,0.04067095,0.001779459,-0.048876257,0.014712044,-0.023388381,0.031778415,-0.017946618,-0.022475124,0.004875438,-0.036691923,-0.013966442,0.007547454,0.015528272,0.048596596,0.026471283,0.033608346,-0.000524567,0.036566147,0.007694995,0.008912841,0.008189237
0.002359897,-0.046069762,0.006167602,0.033632915,0.036197669,-0.055518341,0.049621348,0.004426184,-0.009624037,-0.029900276,0.027883895,0.067640811,0.065166027,-0.009813946,0.014418411,-0.006482749,-0.001000398,0.00580068,-0.012471633,0.039539831,-0.018419074,-0.024682045,0.008477931,0.009994263,0.012210582,0.002671843,-0.012700101,-0.01545648,-0.049077246,-0.017817113,-0.049484901,0.025750755,0.104094409,0.008798351,0.000397488,0.109694959,-0.010916923,-0.094247047,0.010222225,-0.038179284,0.005558173,-0.005771969,-0.000387106,0.024472368,0.026077947,-0.012187755,0.015623253,0.007670202,0.026545055,0.026635272,0.011236359,-0.067112061,0.020137885,-0.042104652,-0.05038644,-0.017312115,0.043449929,-0.059801697,-0.063038816,0.01741948,0.035311184,0.000517001,-0.017119591,0.033145628,-0.018686524,0.008347478,-0.044778371,0.022641462,0.076690569,-0.033891815,-0.019123826,0.014987912,0.006920724,0.000967104,0.012675886,0.001675584,0.019582451,-0.023589357,0.086595986,0.04869976,0.01888696,0.108874247,-0.020435103,0.032258811,-0.030647228,-0.019784111,-0.074195394,0.009184123,-0.035515372,-0.01065606,-0.036492748,0.028070587,-0.015590451,0.036353585,0.015743891,0.060245588,-0.103622483,-0.002524923,-0.04495866,0.032670449
-0.009684519,-0.019242268,0.037750125,0.039450213,0.00929187,0.031679948,-0.05821482,-0.01910751,-0.011804015,-0.014399867,0.064145126,-0.042473804,0.048936779,0.034300555,0.08216599,0.004463893,-0.020595247,-0.008432233,-0.014671059,-0.056680222,-0.001564723,0.012333204,0.004034583,-0.019878376,-0.11601803,-0.017359388,-0.003938854,0.023986172,-0.048867357,0.012078464,0.030807093,-0.029697815,0.083496639,0.00636685,-0.006469897,0.021504564,-0.041723748,0.100889433,0.017027549,0.037672471,0.004602937,-0.025078476,-0.080734881,0.04990196,0.017005224,-0.013641903,0.019419106,-0.00177499,0.036475691,0.013824855,-0.024568035,0.001516891,0.01401054,-0.054439026,-0.014967267,-0.002499164,0.054736449,-0.056160127,0.056924502,-0.025148202,-0.01107474,-0.064789693,-0.024984278,-0.01625109,0.00762236,0.010642367,-0.021973393,-0.012595175,0.046597636,-0.019248057,-0.021220834,0.01369771,0.02781748,-0.003076022,0.0094875,0.025595171,0.020483338,-0.055481006,-0.098188241,-0.048472134,-0.00821422,-0.088058721,0.026739701,0.041896742,0.009501099,0.013332281,0.017159605,0.008580019,-0.006347174,0.053474844,-0.024588225,0.006671,0.002897588,0.018690894,0.022200446,0.06360001,0.06935527,0.009075232,-0.046180529,0.035655911
-0.004158344,-0.055020532,0.06622542,-0.018416855,-0.046114444,-0.038255336,0.035381532,-0.004775034,0.028808746,-0.013460418,0.012989451,0.031287574,-0.02021222,9.59583E-05,0.02113396,-0.034455328,0.008175874,0.000849802,-0.001633921,0.015957915,0.015317353,0.05942455,0.012832151,0.012377459,-0.030612337,-0.026570096,-0.025463173,0.008705889,0.002591257,0.008334028,0.009172783,-0.002211523,-0.031915804,-0.049756329,-0.01292093,-0.003352672,0.021026805,-0.017990596,-0.004288431,-0.012333668,-0.025392042,-0.041161338,0.032643495,0.039524076,-0.027953226,0.023158878,-0.018088647,-0.03029844,0.003940726,-0.005991887,-0.025133015,-0.007216235,0.011659264,-0.059078184,0.0524251,0.025073951,-0.044437852,-0.028141898,-0.003748712,-0.067695218,0.019802215,-0.127448281,-0.006497079,0.000555116,0.043184946,0.003141877,0.05408718,-0.016551218,0.007848537,-0.030659583,0.008471459,0.015569941,-0.017853351,-0.050060666,0.068043145,-0.019045299,0.062561593,-0.047863506,-0.02677292,0.023847435,-0.044444639,0.018655881,-0.022664657,0.005753885,0.00340056,0.018395132,-9.60836E-05,-0.015511073,0.040685341,-0.010964313,-0.009205521,0.010642264,0.025376029,0.011580589,0.000923998,0.014972822,-0.002636584,0.043531358,0.074738216,0.01260118
0.002653165,0.00135689,0.016765546,-0.043797733,0.105279806,0.023023753,-0.025708327,0.014250574,-0.001853716,-0.00538085,-0.007609905,-0.067903075,0.053519095,-0.013014431,0.027999897,0.007974922,-0.000958721,-0.012838449,-0.011327617,-0.011203835,-0.009409698,0.01410165,0.024760181,0.008487552,0.033487681,-0.000569153,-0.070219265,0.038525213,-0.011724762,0.009090446,0.033965003,-0.04887647,-0.006652061,0.000549688,0.008342347,0.019555192,0.014207569,0.021761281,-0.01192462,0.011704306,0.01535852,0.006298112,0.042584487,-0.057383091,0.000637068,0.001391913,0.013249606,0.035416096,0.014957068,-0.020968145,-0.037354399,-0.012845253,-0.00844196,0.030822741,-0.021129399,-0.007934797,-0.063307313,-0.021642611,-0.010281354,-0.051831989,-0.018127346,-0.012903225,-0.013747385,0.001383032,-0.02470007,0.024685153,0.019443479,0.001747157,0.025090881,-0.010172031,0.019386726,0.000902275,-0.001288942,-0.022340137,-0.014450376,-0.054212615,0.076669744,-0.02784569,0.017129042,0.008895481,0.003167802,-0.014188887,-0.005961602,-0.00264854,0.025143033,-0.023362558,0.01219131,-0.002899046,0.032691319,0.009270015,-0.005058628,-0.032082388,0.002507378,0.010985326,0.009916588,0.034390176,0.012233363,0.015874105,0.043337221,-0.065260886
0.006298596,0.020722609,0.005839943,-0.014279015,0.071188346,0.002357825,-0.030770127,-0.066548218,-0.009761981,0.006236068,0.055659441,0.00097918,8.37152E-05,0.042534294,-0.061099425,0.001821494,-0.002912899,-0.003333621,0.040602284,-0.0087136,-0.014833541,0.04101861,-0.133619399,0.015204301,0.050016102,0.010825344,0.002022655,-0.025003183,-0.012525933,0.005865956,-0.005813102,-0.01772241,0.026548899,-0.019636941,0.000315462,-0.022535242,-0.021246175,0.004183632,0.013221685,-0.111714869,0.116123404,-0.020198509,0.043139464,-0.039169316,0.059261599,0.023806586,-0.038139111,-0.002264876,-0.018282955,0.008179721,0.072224898,-0.061334912,-0.011049041,0.050990643,-0.026758203,0.010504184,-0.065302124,0.091306825,-0.079699115,0.012733526,0.00767346,-0.00944322,0.016504529,0.076121607,0.029033881,-0.005613083,-0.005952872,-0.037542843,0.054303158,-0.011098009,-0.009105409,0.000867866,-0.015377425,-0.029007126,0.101368742,0.081373608,-0.060557143,-0.000691526,-0.035761129,0.010276067,-0.00316788,0.003124139,-0.02541936,-0.035170813,-0.017874125,-0.022278327,-0.060950461,0.001080647,-0.003024176,0.02785104,0.087385297,-0.049390134,0.021645131,-0.015011062,-0.005378717,0.054343591,0.001956649,0.029273127,-0.022529311,0.030076185
0.013282883,0.019273342,-0.014822069,0.029056702,-0.025392216,0.01280033,-0.001777554,0.033956065,-0.007023637,-0.01528722,0.041517428,-0.034092978,0.051230753,0.005515086,-0.031151679,-0.001294809,-0.00904411,-0.008806636,0.000575969,0.046705557,-0.015315843,-0.013668332,0.06403263,-0.017742942,0.013761959,-0.040781612,-0.018543771,-0.019460726,-0.052454528,-0.017606003,-0.02579471,0.000601993,0.040084451,-0.010060769,-0.005593198,-0.013442367,-0.013030452,-0.038701867,0.012757574,0.069729154,0.032946794,-0.009573672,0.011636989,0.033159138,0.0271313,0.015418224,-0.021659379,0.039393056,0.021224689,-0.017032984,0.042757578,0.043891321,-0.000153571,-0.120906935,0.110370553,0.024290584,0.003794937,0.035923681,-0.039451355,-0.0106829,-0.007431749,-0.053764166,-0.003463602,-0.01373105,0.028188965,0.028936278,0.011288028,-0.106700312,-0.029754436,0.032110347,0.00373305,0.014637121,-0.001708049,0.079118723,-0.037829063,0.051673829,-0.005673114,-0.056782151,0.019040533,0.029072251,-0.000570266,0.030950095,-0.023574869,0.017980402,0.009793606,-0.092552001,0.023059411,0.005127987,-0.015954576,0.024629174,-0.04409526,-0.113940517,-0.022007586,0.01735859,0.022685372,-0.060199657,0.027141412,-0.061002075,-0.005329957,-0.005254105
0.001242962,0.067093967,0.009034406,-0.061442258,-0.031416634,0.038595652,0.008558555,0.0455077,-0.032719537,0.003097333,0.026438708,-0.0933777,0.014299893,-0.072598275,0.043031261,-0.025543777,0.007280935,-0.002632485,0.029070167,-0.007556885,-0.01829664,-0.04746708,-0.047767994,0.001315568,-0.056320534,-0.002008713,0.012210333,0.01687601,-0.054260396,0.020883936,0.007480985,0.023515486,-0.033544806,0.03625941,0.029057013,0.01022345,0.064029731,-0.056139271,-0.074932911,-0.021914903,0.005793803,0.037935634,0.067255282,-0.018937653,0.05898552,-0.057077553,-0.01513864,-0.047673069,0.011140759,0.018356489,-0.035966259,0.027163642,0.011404782,0.092768354,0.050788881,0.003928302,-0.092179276,-0.050179041,-0.159828442,0.032207802,0.005074546,-0.058790752,-0.011669991,0.047219905,-0.096914197,0.007468098,-0.070247087,0.006891952,-0.033896342,0.011530335,-0.041221982,0.00284233,0.046055259,-0.084930803,-0.049292927,0.054284878,0.049806039,0.01487732,-0.047577962,0.023016607,-0.039475425,-0.011936965,-0.003034745,0.04167368,-0.007666805,-0.021693929,-0.012451415,-0.002995135,0.05046702,0.009349654,0.011055132,0.058411544,0.008359163,0.039832012,0.000251062,-0.031285104,-0.000765197,0.030602589,-0.088722478,0.089841965
0.01110315,0.017366896,-0.006829317,-0.035153636,-0.04391505,0.007735598,0.047014044,0.003493265,-0.031383124,0.010962448,-0.010041028,0.032019924,0.040075525,-0.029133628,0.021051906,-0.010436859,0.010482097,-0.000218542,0.014142997,-0.049607343,0.02361698,-0.002712328,-0.044597644,-0.02305581,0.024106713,0.005800457,-0.063097935,-0.057124965,-0.031752562,0.053419727,0.027954923,-0.004562903,-0.021882131,0.030512251,0.013889794,0.047029839,-0.018355157,-0.047724365,0.000384411,-0.02184369,0.016943489,0.011943252,0.01645505,-0.003418805,0.024626726,0.02392957,-0.017636606,-0.033948338,0.001106153,0.0747681,-0.00227849,0.090016785,-0.0012141,0.032231874,0.021701359,-0.000966924,-0.054758008,-0.027252594,0.073781354,0.007667679,0.01163549,0.044078596,-0.004240892,0.020910998,0.027087763,0.024429419,-0.009775862,-0.028157697,-0.040752819,-0.012368068,-0.02942623,0.006838773,-0.002421382,-0.035537435,-0.0303004,0.049435191,0.003961236,0.008009423,-0.023911717,-0.067847885,-0.005640459,-0.037080515,-0.0225294,-0.027539976,-0.077943872,-0.021474875,-0.050765366,0.017192913,0.063313964,-0.003142237,-0.118890055,0.040592374,0.043418998,0.005402736,0.001227031,-0.016231563,-0.000626928,0.017308322,-0.051557694,0.028702753