0.021190038,0.029381936,-0.019147685,0.042071604,0.009540026,-0.077677949,-0.070596819,-0.013121799,-0.085550156,-0.180885084,-0.006882042,0.064801506,-0.001113642,0.022021867,-0.008176918,-0.010820276,-0.029886982,-0.046274108,0.000682941,-0.001684003,0.015111757,0.009726599,-0.000176397,-0.043387847,0.019999141,0.048082382,0.002725858,-0.00557076,0.000756769,0.005217846,-0.00213768,-0.029152612,-0.012832971,-0.004358715,-0.004658195,0.009735338,0.030878552,0.025039305,-0.009627684,0.012129832,-0.000828817,-0.004277398,0.013549251,0.003452161,0.006308142,-0.015600528,-0.007858923,-0.002178975,0.081671493,0.036734945,-0.011861278,0.024417842,-0.00628693,-0.016879222,-0.005974248,-0.027854949,-0.019190451,0.016966851,-0.031007073,0.00281448,0.066651763,0.009407566,-0.112654003,0.019834881,-0.02424057,0.015616254,-0.006252419,-0.006105988,0.015996659,-0.006747824,0.058554192,0.051585997,0.008097331,-0.008214955,-0.018870094,-0.017361817,0.016787766,0.044571862,-0.022558328,0.034755704,-0.008757381,-0.006013114,0.00799162,-0.022266962,0.006130666,0.000591664,-0.004353669,-0.003876686,-0.011467197,-0.007021877,-0.002742951,0.000332642,0.012298522,0.019177787,0.076565833,-0.015712048,-0.045818558,-0.019330988,0.01613279,-0.005743526
-0.051207997,-0.033594192,0.001053057,0.024489338,0.034358762,-0.032905525,0.021753114,0.014782754,-0.048172225,0.062311143,-0.039094941,0.002186203,-0.043567972,-0.051156562,-0.002853567,0.044597237,-0.071478208,-0.049825929,0.012614194,0.079001077,-0.010388006,-0.02677603,0.005136926,0.020846498,-0.006024982,-0.067207358,-0.011865055,-0.011882553,0.00370355,-0.007084798,-0.012319758,0.006207586,-0.069068368,-0.006138734,0.004357948,-0.037043036,-0.012600609,0.039262446,-0.019781857,0.018287905,0.007419608,-0.006554239,0.02271392,-0.041668286,0.024654558,-0.00322518,-0.027032743,-0.040437364,0.01773967,0.004496837,0.008621293,0.023431073,-0.043981307,-0.029487709,-0.054093957,0.053790794,0.0397272,0.009961236,0.02186847,0.00278922,-0.004129759,0.027593358,0.0121666,0.033413299,0.001185905,-0.009276472,0.050762677,-0.000193849,-0.092587288,0.036359045,-0.009773942,-0.014128695,-0.026432444,-0.00310104,0.020405033,-0.018723455,-0.00393752,-0.01153878,-0.068838462,0.006980421,-0.010693762,0.020393266,-0.005397782,-0.07149664,0.010659679,-0.000129783,0.028036574,-0.009375854,0.040357211,-0.036184985,0.051513587,-0.00801222,-0.001922694,0.019195972,0.028476573,0.018035604,0.018167226,0.023506083,0.01439638,0.032211606
-0.007280275,-0.035082663,-0.109480105,0.048177646,-0.034034343,0.060640821,0.001759819,-0.014145789,-0.043035363,-0.000832968,-0.003061542,0.023838285,0.029657819,-0.006618448,-0.024018854,0.035582464,0.003684821,0.119236613,-0.011479406,-0.008273368,-0.002069828,0.031433933,0.037555039,0.01484277,-0.024503823,0.073901982,-0.020321342,0.022945902,-0.007433084,0.010570437,0.016153451,-0.009506297,0.049638963,0.007436121,0.013971172,0.016231712,-0.012252788,0.002907402,-0.021645353,-0.030600152,-0.000981021,-0.010718145,0.054137095,0.002166668,0.000975552,0.020967139,0.003093499,0.055922568,0.001776043,0.035345474,-0.052858834,-0.007971153,-0.027900135,-0.059559244,0.00314068,-0.020020203,0.048036507,0.037417019,0.003908215,-0.032938939,-0.009843277,-0.073075949,-0.01310722,0.014394986,0.01915388,0.034117406,0.047396664,0.030462493,0.039661127,-0.053230782,0.000991788,0.036997141,-0.0251528,-0.083931208,0.067576955,-0.065712553,-0.037586288,0.025678942,-0.017056686,-0.006230355,0.003275777,-0.014341009,0.004554319,0.003378203,0.022378954,-0.027420401,0.006104235,0.041907684,0.042401956,0.002627832,-0.006010813,-0.045748868,0.000287548,0.017897503,-0.023110259,-0.081507982,-0.012009891,-0.026963121,-0.096339369,0.078992393
-0.049129272,-0.018415661,-0.003991902,-0.197643041,-0.043726004,-0.010615857,0.002687795,-0.029311759,0.024222201,-0.006944989,-0.016394227,-0.003975007,0.020745836,-0.065487706,-0.006624671,0.089825595,0.020830292,0.045532957,-0.032057515,-0.005013795,0.024325522,-0.003249899,0.066107448,-0.016020734,-0.029702656,0.003588562,-0.021676559,-0.003918408,-0.042244072,-0.003932338,-0.011781971,-0.026922082,0.049159128,0.007046772,-0.002511021,0.015249734,-0.010279546,0.002597641,-0.004426087,0.045733357,0.016304573,0.013555831,-0.007901453,0.046336994,0.004154432,-0.003964662,0.036501567,-0.061574766,-0.016067897,0.008662289,-0.030378754,0.042115937,-0.008281109,0.088551387,-0.069787801,0.053060985,0.062419752,0.088668497,0.039108177,-0.021809411,-0.013836229,0.020204646,-0.018095368,0.04699829,-0.006953997,0.016654929,0.011754646,-0.003360946,-0.057220744,0.005291175,0.018225872,0.036927649,0.001468351,0.009337945,-0.028660294,0.002110845,-0.04043214,0.020565169,0.02760739,0.007315399,-0.034310703,0.010034412,-0.004642831,0.080619954,-0.007683154,0.013145029,0.060498315,0.02985459,-0.018859772,-0.03243788,-0.041994962,-0.0393873,-0.007222641,-0.017007277,0.01450335,0.008141035,-0.010091227,0.073990999,-0.031182533,0.010895268
0.087333853,0.029024631,-0.041251475,0.019509325,0.007592606,-0.061914515,-0.004399079,-0.005492114,0.027698034,0.038473645,0.031189203,-0.025643386,-0.02690016,0.001587746,0.019670806,0.012507235,0.026347331,0.020116809,-0.01620307,0.011223251,-0.006580184,-0.003664019,0.018675943,0.008881476,-0.01007543,0.018319194,0.039132531,0.014154094,0.015114084,-0.011506318,-0.006928272,-0.022430209,0.015755258,-0.025163114,-0.024041616,-0.033911489,-0.036314204,0.010974652,-0.003310606,0.00215508,-0.001010983,0.001098049,-0.024315396,-0.025320312,0.031349334,-0.025264014,0.012124885,0.017105701,-0.006461198,-0.014999681,0.00578863,-0.027037792,-0.019576642,0.044380377,0.013341012,0.029504901,0.034198162,0.008282152,-0.050287805,0.006642758,0.004822889,-0.012319636,-0.000216927,-0.106292398,-0.024545735,-0.008266369,-0.010947032,0.015845503,0.033109999,-0.003387305,0.053570907,0.048505609,-0.019367509,0.008187142,0.01593279,-0.040870998,0.029078476,-0.041401497,0.016973911,0.014664142,-0.006962196,0.020510136,-0.005261962,-0.019149685,0.023621694,0.022455271,0.026523189,-0.002626001,-0.0423408,-0.015033048,0.040747748,-0.032821195,0.000495119,-0.048648626,0.028992987,0.014716983,-0.033661744,-0.00247646,0.026582324,0.03826404
-0.031300803,0.041501867,-0.026581611,-0.010545001,0.010109365,-0.121070956,-0.07805507,-0.006038629,0.061573972,0.184373008,-0.021521287,0.071678774,0.006547826,-0.013465684,-0.012869738,-0.007606502,0.031551939,0.015685501,-0.003149098,0.009930677,-0.000752784,-0.015942503,0.022943917,-0.215130121,0.016713685,-0.025757113,-0.040830055,0.019130805,-0.006467944,-0.03245369,0.022583651,-0.033719379,0.025837235,-0.007773475,0.011374348,0.003052964,0.03695444,-0.004498925,0.013349999,-0.006983535,0.021324318,-0.002549518,-0.01338923,0.005418629,0.004326744,0.016032303,0.005673495,0.008051882,0.074219461,0.056883369,-0.008046643,0.03120513,-0.013313277,-0.03212756,-0.017457967,0.0178386,-0.009779078,0.008509546,-0.036082576,0.02019731,0.108140137,-0.011873233,-0.020847815,0.02613705,-0.005846096,0.023348006,0.025661081,-0.00956809,0.000265047,0.0022742,-0.03086871,-0.039474803,0.008941116,-0.028836882,-0.026799027,-0.023123681,0.021903818,0.067602059,-0.007506061,0.008411167,0.008309033,-0.04293149,0.005780506,-0.026652179,0.022503879,-0.035343186,-0.015655726,0.031588755,0.018844891,-0.004758349,0.052259769,0.010373903,-0.011572794,0.035279064,-0.055097327,0.011873955,-0.052634521,-0.027129116,-0.02190166,-0.004361441
-0.043830411,-0.047682278,-0.012116679,-0.003524147,-0.008978886,-0.073799012,-0.038011901,0.034018247,-0.140386992,0.045220174,-0.023621306,-0.031364816,-0.053881886,-0.012464127,-0.088649023,0.003167845,0.110707365,-0.000363665,0.028400138,-0.01572691,-0.001403928,0.022489035,0.012994706,-0.03737783,0.069577014,-0.033078692,-0.003857839,0.011876719,0.043299108,0.020730748,0.042484837,0.049467906,-0.102396674,-0.012632809,0.013072178,-0.104620685,0.019135766,-0.060924714,-0.000464401,-0.004750301,-0.011040159,-0.009574849,0.024592311,0.061852286,0.044314435,0.021549899,-0.026346532,-0.019630314,0.007126667,0.034472579,0.000352677,0.060366723,0.035162045,-0.022612436,-0.085387972,0.032844893,-0.029793851,0.056728736,0.012662018,-0.027053587,-0.008668286,0.023697697,0.004935398,0.026692688,0.013443477,-0.020172334,-0.099729285,0.02080759,0.138474092,-0.058818177,0.032324064,-0.006861971,0.0494961,0.005568137,-0.01287873,0.002670959,0.007199111,0.022511245,0.023045774,-0.035637274,0.009361117,-0.025240899,-0.016059269,0.130597781,-0.008473136,0.005269634,-0.028846832,-0.016887026,0.014014905,0.081616271,-0.061384175,-0.019473505,0.016375533,0.012615729,-0.014677784,-0.040046657,-0.177242081,-0.025243133,0.063506921,0.025685786
0.004437285,0.006827572,-0.156033682,-0.042410346,-0.064029866,0.074302805,0.030625385,-0.007889972,0.022014602,-0.009513101,0.007705808,0.038121936,-0.001108029,0.007226673,-0.026747381,-0.013453501,0.003411595,-0.066627546,-0.007467265,-0.0029051,0.0106462,-0.00027383,0.017389506,-0.000559485,-0.018764218,-0.039939482,-0.103324454,0.028133137,-0.002183166,0.010775483,0.008224156,0.014141364,-0.029864236,-0.02310218,0.002921942,0.005567396,-0.015613522,-0.018481741,-0.005311234,-0.022601881,-0.021530915,-0.036029901,0.05716237,-0.063673959,0.014660631,0.005365785,-0.000353079,-0.009748115,0.001189878,0.032749153,0.003725089,-0.007535515,-0.031086702,-0.024664495,-0.028897138,0.025365344,-0.06313573,-0.032834291,0.006600127,-0.052749327,0.008328492,-0.006562303,0.000943666,0.009939882,0.011376896,0.026064577,-0.127919361,-0.045671452,-0.00552135,0.069082653,0.009364827,-0.021554901,0.033996801,0.080207477,0.03689643,-0.056213528,-0.058407451,0.052651874,-0.027888182,0.034093171,0.130783405,-0.04054489,-0.014980815,-0.023995988,0.010540097,0.038270191,0.002946813,-0.022816544,0.058337034,0.009852168,0.008179345,-0.028654158,0.014327917,0.020777161,0.014431772,0.062235354,-0.008626297,-0.042009227,0.076715329,0.051995757
-0.000131302,0.055192972,0.006222575,0.016037182,-0.021824733,0.014643375,0.012090048,-0.004201426,0.011379258,0.006351145,-0.005212537,0.011616335,0.042712584,-0.023936825,0.018659259,-0.045550324,-0.001389639,0.003902506,-0.010773704,-0.004586607,0.010567645,0.009504378,-0.017425947,0.020915666,-0.005118675,-0.026371395,0.034995912,0.010710619,-0.026504546,0.000975186,0.012771122,-0.025914426,0.013476525,-0.007003461,-0.010276055,-0.019641392,-0.012643026,0.016741436,0.001802425,-0.02646123,-0.037629649,0.020101902,-0.019678749,-0.049330912,-0.026027478,-0.002862607,0.008743029,0.038190816,-0.006800835,-0.013804987,-0.004311857,0.011443845,-0.013432868,-0.025787725,-0.068388825,0.019853708,0.024868121,-0.00560466,0.006722712,0.003930108,-0.00398481,0.016243555,-0.006370759,0.053271812,-0.00845369,0.023751369,-0.017676434,-0.012637866,0.062255939,-0.005033553,-0.002385609,-0.003005691,0.004274762,0.005406839,0.04133729,-0.064568369,-0.002356331,0.008559535,-0.000886864,-0.006360459,0.049950255,-0.008484272,0.012396503,-0.110841521,0.018682235,-0.037270867,-0.060569692,0.011545758,0.003298882,0.038779455,0.032844387,0.020872361,-0.005450587,-0.037925037,0.021990876,-0.044952597,0.022925812,0.000626699,0.004666795,0.005035577
-0.117131411,-0.065249747,0.013728085,-0.054737016,-0.027941793,0.011449844,-0.006795485,-0.037654974,-0.018733554,-0.061166393,-0.010827014,-0.044330744,0.023604654,-0.042032903,-0.031821258,-0.041954359,-0.039958661,-0.025484327,0.03924562,-0.018568857,0.0005673,-0.024121309,-0.023762285,0.020935026,-0.017320884,-0.039827482,0.071846229,0.051056727,-0.046383564,0.01055725,0.001468451,-0.010986182,-0.032789216,0.04408469,0.040130366,0.024517084,-0.052344687,-0.035824732,-0.031463703,-0.017442506,-0.00160912,0.025980823,0.071130714,-0.013648707,-0.05152277,-0.033778666,-0.004922304,-0.031446644,-0.006004014,0.055904397,-0.009463157,0.017691578,0.000936439,-0.082537999,-0.040190149,-0.019102764,-0.082308608,-0.041316839,-0.070569108,0.014960569,-0.003850528,-0.010877343,-0.006836206,0.048250289,-0.045751205,0.00673384,-0.001331429,0.031262978,0.044128595,0.011640576,-0.069323766,-0.063642478,-0.006915517,0.014213524,-0.021427334,0.066323515,-0.054458399,0.020114092,-0.015391121,0.060147846,-0.005340898,0.037645376,0.009093518,0.013414022,0.065115183,0.025722855,0.049564267,-0.053701945,0.060286211,-0.007331119,0.109784527,0.067249982,-0.010219718,-0.00094068,-0.033487957,-0.038224084,0.020491948,-0.013198204,-0.082418888,-0.079209761
0.011508581,-0.025720891,0.00857153,0.015688722,-0.020236731,0.097072873,0.023728611,-0.005813644,-0.039127256,-0.142695001,-0.053663528,-0.097060473,0.036111559,0.001777495,0.00788747,-0.001049139,-0.01558109,-0.017600331,-0.003609132,-0.002589748,0.007805566,-0.00916774,-0.01705216,-0.011452364,-0.026229178,0.024705607,-0.041086891,-0.000994626,0.000131941,-0.053628028,0.031373804,0.001765847,-0.01490282,-0.009081262,0.013710517,0.010824265,0.000463437,-0.030104054,0.007449851,-0.012094148,0.0216935,0.018795323,-0.070643448,-0.029965869,0.004391433,0.019523619,0.006777927,-0.002367319,-0.007766383,-0.030792613,0.01466662,-0.020801548,0.014652306,0.024274048,0.010235105,-0.013009195,-0.002127115,0.010373986,0.043730507,0.024522296,0.148793728,-0.003614548,0.061508679,-0.033626424,0.031858797,0.042222335,0.02528394,-0.035696603,0.007430943,0.003652364,0.025177579,0.020147644,0.031412148,-0.022438607,0.024418964,0.014285469,-0.010058196,-0.035473032,0.032654951,0.041237411,0.008638382,-0.085373479,0.031498458,-0.008726963,0.062615045,8.65584e-05,-0.043694413,-0.010172597,0.051528919,-0.023888995,-0.022733938,-0.005907116,-0.073557596,-0.022432345,0.077808699,-0.012252288,0.004855468,0.007574781,0.014788061,-0.000741894
-7.5391e-05,-0.015021088,-0.005196562,-0.017141619,0.004328199,-0.028560911,0.028008143,0.003929252,-0.032895711,0.005995138,0.069955353,-0.019149592,0.092245989,-0.023333892,-0.008085965,-0.009768643,0.054623028,0.011522695,0.000239778,0.024202902,0.001590446,-0.003669214,0.000814032,-0.00553524,0.003027617,0.008901064,0.03689748,0.029476157,0.026125386,-0.015088356,-0.047846884,0.018680809,-0.037768459,0.007577719,0.013712898,0.108179205,0.005786748,0.041937826,-0.013958239,0.018534173,0.022262385,-0.071195096,-0.06339413,-0.002605284,0.006854755,0.003642343,-0.017979054,0.00208269,0.002985736,0.01088411,0.002780103,-0.061532441,0.015401744,-0.005683807,-0.015091094,-0.001188035,-0.03141292,0.027862482,0.026765239,-0.015313771,0.051813705,0.013617083,0.010953594,0.013171219,0.006483924,-0.002856468,0.06057874,-0.050425341,-0.037323899,0.025766396,0.017541395,-0.003414556,-0.009412491,-0.002602445,0.004292528,0.011332368,0.006606359,-2.65244e-05,-0.051805119,-0.005050176,-0.005414239,-0.111834947,0.061664922,-0.038455708,0.011967365,0.011190254,0.043253982,-0.005618168,-0.021968065,-0.0195162,-0.007775516,0.041729596,-0.017900273,0.01082815,-0.016726001,-0.032700396,-0.071931716,-0.007703867,0.028696888,0.004382311
0.000567096,-0.031438464,0.085563669,-0.006472391,0.007789336,-0.037876178,0.047770247,-0.005249671,-0.026479556,-0.024684774,0.027296683,0.011007949,-0.091166036,-0.017853224,0.000589735,0.042455687,0.024846174,0.01251029,0.020582962,-0.028215815,-0.040247059,-0.043558008,-0.019318629,-0.007809959,-0.009886658,0.030360188,-0.052904187,0.035057395,-0.011795733,-0.00153497,0.017226658,-0.00667635,0.028525187,-0.104625586,-0.057730341,-0.034275329,0.001327128,0.057052402,-0.012691969,-0.013789575,-0.038331318,-0.055539743,-0.063612844,-0.1215818,-0.012040788,-0.002914354,0.019546317,0.063107792,-0.00489597,-0.003180669,-0.04539677,-0.001047662,0.015111302,-0.020493439,0.039468292,0.043197081,-0.0398011,0.00225031,0.015962256,-0.114175568,0.057479351,0.076063222,-0.001915007,0.001004674,-0.021117524,-0.071587704,-0.040884464,0.016943091,0.016970368,0.034667341,0.011390271,-0.015161295,0.025850829,0.043991631,-0.037328747,0.116869216,0.005157703,-0.023018481,0.055476791,-0.016677914,0.044130332,-0.035839019,0.02103381,-0.009515826,0.024164358,-0.060424725,0.015422919,0.0218199,-0.031623571,0.024978793,0.006967322,0.145631414,0.063933662,-0.013656594,-0.011312494,0.012105065,-0.003408563,0.016523018,-0.020399981,0.020980787
-0.018799829,0.016069384,0.012162657,-0.089654688,-0.014323019,0.006044183,0.029052862,0.010089708,0.010124044,-0.005738446,-0.110546658,0.012357625,-0.121967816,0.04844225,0.022572958,0.039720773,0.006540412,0.020317496,-0.037252522,0.029264037,-0.025930309,0.001522579,-0.067128252,0.004176331,0.028648713,-0.013441242,-0.006178732,-0.042414455,-0.045994266,0.006795942,0.014877473,0.024136322,0.044857844,0.047490929,0.019918855,0.073266444,0.016003221,0.006055413,0.013223637,-0.064871089,-0.160801345,0.003332595,-0.037893868,-0.001466594,-0.024649953,0.000678743,-0.042316001,-0.009709749,0.002602014,-0.001782633,0.044546673,0.024799278,0.007315883,-0.024584388,-0.010116898,0.041663819,0.014318606,0.075723598,-0.04888047,-0.0095083,0.005373426,-0.031164721,0.009329563,-0.03168177,0.00042659,-0.061110163,-0.001359296,-0.161338624,0.016514857,0.005097443,0.008468728,0.023218521,-0.012703849,0.036315042,0.087032824,-0.058391583,0.043136856,0.012421323,-0.025567669,0.039087943,-0.00892881,0.037415098,-0.04469611,-0.007377963,-0.012182884,-0.124021297,-0.029300892,0.019205708,0.014900731,0.037423776,0.052704888,0.149794448,-0.004233821,0.002618294,0.017877584,-0.008100562,0.000832853,-0.037460703,-0.023201353,-0.006662329
0,0,0,0,0,0,0,0,0,0,0,0,0,0,0,0,0,0,0,0,0,0,0,0,0,0,0,0,0,0,0,0,0,0,0,0,0,0,0,0,0,0,0,0,0,0,0,0,0,0,0,0,0,0,0,0,0,0,0,0,0,0,0,0,0,0,0,0,0,0,0,0,0,0,0,0,0,0,0,0,0,0,0,0,0,0,0,0,0,0,0,0,0,0,0,0,0,0,0,0
0.011161899,-0.020289648,-0.006445582,0.007149796,0.010851038,0.102432174,-0.135616816,0.010531213,-0.024092285,-0.09732485,0.064370318,-0.086424293,-0.015426094,0.005042678,0.018330687,0.002130992,-0.010681522,-0.007272279,0.001338676,0.061138654,-0.024500318,-0.037156795,-0.021518436,-0.130533551,-0.026665903,0.011419307,-0.016473245,0.039532342,0.002528378,-0.003743309,0.010776965,-0.020577838,-0.016583597,0.003159916,0.005703201,0.010729409,0.022403619,-0.084067532,0.024433404,-0.048765299,0.02089427,-0.051285515,0.058635831,0.021096478,-0.002637495,0.062935877,0.02448356,-0.001503436,-0.085813754,-0.00698099,0.009508139,0.045153304,0.014934516,-0.000219289,0.007930334,-0.004241149,0.006845845,-0.004548189,0.030281544,0.002028544,-0.129642641,-0.009490755,-0.148864852,-0.047195784,0.094679263,0.01489981,0.018488351,0.02509309,-0.002229731,0.011327877,0.013644033,0.011375723,-0.025266856,0.008645837,0.010138871,-0.047762705,-0.006128082,-0.034730915,0.050879101,-0.115415759,0.011891934,0.010663286,-0.040419267,0.01881987,-0.031049757,-0.064532741,0.014537291,-0.009745972,-0.044663458,0.023166597,0.076942311,0.060288689,0.067377384,0.013162994,0.068975322,-0.009162641,-0.033785214,-0.009632002,0.016637763,-0.002397706
0.011083736,-0.021413837,-0.003015765,-0.019502528,-0.107694913,-0.036399805,-0.059655525,-0.009220663,0.014634077,-0.009600979,-0.025419581,0.041782879,-0.041883076,0.076156742,0.047231137,-0.005533643,0.019508764,0.010857441,-0.00413565,-0.041277718,0.062966342,-0.019347102,-0.083536956,0.032061533,-0.039591871,0.036616,-0.015348154,0.009764488,0.002398149,0.031352772,0.066747642,0.016225205,0.035948415,-0.004929109,-0.012234211,-0.083342106,-0.00571496,0.162060475,-0.030436953,0.006231899,-0.039653233,0.078904791,0.056152252,0.042404598,-0.003134113,-0.014690144,0.049651798,0.011752051,0.010605383,0.01273755,0.012353085,0.041973494,0.012683061,-0.012017668,-0.015728511,-0.016055998,-0.032633782,0.003565957,-0.048085672,0.004470391,-0.033493712,0.007451545,0.063596948,0.030669366,-0.022663256,0.00523822,0.05004022,-0.030668853,-0.00600874,0.007226178,0.002132165,-0.011998053,-0.010130866,-0.013833649,-0.03141136,0.017725014,0.012894076,-0.01970666,0.01378456,0.032277797,0.010765092,0.012033244,0.057476415,-0.053350181,-0.017494231,-0.011148676,-0.044265844,-0.008379069,-0.050146945,-0.038305292,-0.01930491,-0.0318791,0.024797371,0.028001716,-0.003356444,-0.015556728,-0.073023421,-0.004354605,0.019021911,0.004724765
-0.001148877,0.006240732,0.000984861,-0.008793798,0.073365345,0.028524394,0.020049079,-0.002485561,0.023332032,0.002417431,0.011577306,-0.014213311,-0.040794573,-0.043281414,-0.023463808,-0.028296486,-0.004722722,-0.016874883,0.009347202,0.0124015,-0.059674314,0.065257994,-0.075346835,-0.011386418,-0.037261304,-0.026538993,0.065089162,-0.010500413,0.006243254,-0.020521258,-0.07444854,-0.03237708,-0.024290958,-0.010151643,0.01160467,-0.034052488,-0.023130957,0.099429029,-0.000625276,0.019287483,-0.007617174,0.004002623,0.017252848,-0.026286619,0.018884949,0.027218088,-0.021031027,-0.037261869,-0.00543589,0.009241136,-0.110975102,0.012976806,-0.008432692,0.02919622,-0.017535431,-0.001920695,-0.006207296,-0.01521706,-0.003548144,0.149778582,0.003402133,-0.142987991,-0.011740333,0.006894201,0.042735923,-0.003254548,0.052769988,0.041905469,0.001589737,-0.017430431,-0.001171048,0.0048593,-0.00362699,-0.006042965,-0.03605286,0.006992423,-0.05233258,0.020929102,0.117984709,-0.040248923,-0.077784524,0.011973357,0.027889011,0.011888625,-0.00055697,-0.059702943,0.004972661,-0.016715553,0.031444699,0.008562164,0.00043669,-0.041238099,-0.046279059,-0.024758732,0.006011844,0.011312716,-0.002210621,-0.034157886,0.045729498,0.022853604
-0.006654471,-0.043460819,-0.01085288,-0.047969327,0.087615364,-0.010924234,-0.015036851,0.038968199,0.00154811,-0.004847473,0.051908395,0.027093964,-0.016961799,-0.054709388,0.033780071,0.026551516,0.00148577,0.008818589,0.024628139,-0.092590145,0.045745763,0.062323887,-0.127596908,-0.014885267,-0.004406446,-0.006561165,-0.00242189,0.008243271,-0.030329351,-0.016603984,-0.033429825,0.0029416,0.032013949,-0.004613042,0.01148512,0.004719477,0.011404314,0.045391436,-0.011055773,-0.119454576,0.053383009,-0.041077654,0.035437386,0.002188564,-0.029281982,0.007191546,0.043000667,-0.007542671,0.009612882,0.00127387,-0.021505025,0.011956929,0.007164331,0.0042212,0.023435305,0.022789175,-0.004564735,0.059777375,0.019597213,-0.003673973,0.005070904,0.094808933,-0.00018432,-0.041864104,-0.00474807,-0.013295571,0.004856102,-0.022571387,-0.003067549,0.03857618,0.003278566,0.014922169,0.004456638,0.076085638,0.069288751,0.118080584,0.019566096,0.002158545,-0.019530545,0.002862943,0.040718933,0.005945731,0.00369834,-0.033387074,0.028323077,-0.039277358,-0.000388784,0.00921542,-0.009043118,0.033871636,-0.061084391,-0.105730363,-0.01292361,0.015415301,0.008187156,0.002346148,-0.010226886,0.011138828,-0.018874858,-0.01815
0.030862069,-0.040680293,0.021371882,-0.034127864,0.054096835,0.025691309,-0.065501395,-0.013334112,-0.015288805,0.017500403,-0.035535034,0.067944632,-0.015273867,0.098766844,-0.02016973,-0.01102063,0.014714987,0.006371245,0.011806467,0.032937266,0.008339503,0.050951945,0.097372903,-0.001262422,0.058232425,0.00570792,-0.002587741,0.007445844,-0.028316399,-0.070677162,-0.034643875,0.000519664,-0.016025007,0.008506951,0.027300243,-0.015931331,-0.013401848,0.09656818,0.089570517,0.029543724,-0.024392485,-0.008319823,0.035322756,-0.010017187,-0.037973325,0.030391349,0.042876338,-0.023791322,-0.000730043,0.029567488,0.0594627,-0.097977147,0.006336615,-0.054235814,-0.023663174,0.006269023,-0.049006256,-0.026162037,0.109886105,-0.015263883,-0.025161595,0.039656568,0.013485088,0.050773401,0.072758567,-0.024804223,-0.058381549,0.000816344,-0.03104465,0.008712955,-0.015271209,0.019953151,0.044978324,-0.05839491,0.093767842,0.011924929,-0.03559653,0.022044261,0.10052283,0.002108907,-0.025525439,-0.011227359,-0.001445539,0.032102239,-0.010919785,-0.023516768,-0.011786738,0.000183872,-0.012950581,0.01495559,0.001331662,0.012815427,-0.069011019,0.014489669,0.009936228,-0.014888164,0.019170384,-0.005957216,-0.04240724,-0.050769788
0.007508398,0.006955646,-0.010808717,-0.008911816,-0.016983115,0.035458943,0.111261478,0.01727438,-0.004611259,-0.119678152,-0.019868418,-0.04368199,-0.001192286,-0.015697664,-0.007226226,0.00357164,-0.004224149,0.003091519,-9.99242e-05,0.016333153,0.014893808,-0.045006216,0.010797768,-0.068400197,-0.013220478,0.013565409,0.013709312,-0.024580387,-0.005419313,0.014444147,-0.014792404,-0.035991682,-0.00874448,0.003369593,-0.007094736,-0.013515269,0.033957401,-0.060106958,0.034017253,-0.036953565,-0.020471055,0.028499734,-0.02022568,0.009065464,-0.003684549,0.059575092,0.019117792,-0.001834188,-0.068173014,0.024726514,0.010184571,-0.031119956,0.005861272,-0.015338357,-0.017846702,-0.0017041,0.002862248,0.019489086,0.007806762,-0.009382838,0.006794701,-0.025056695,0.074987715,-0.028697401,0.046022519,-0.031955308,-0.017271539,0.001055805,-0.015900091,-0.013336348,0.001698492,-0.003979213,0.001267428,-0.021953718,-0.005951838,0.035112608,0.010308491,0.025685027,0.044712708,0.097036031,-0.008239803,0.034141948,0.018043627,-0.04320484,-0.006554176,0.041375665,0.014137837,-0.011623541,0.014796643,-0.004283156,-0.008501255,-0.036356102,-0.026094703,0.011497374,0.091119582,-0.008121377,-0.052212522,-0.016433013,0.013349033,0.001994489
-0.002264365,-0.026813167,0.023860153,-0.020368385,0.064606681,0.006983015,0.019445279,0.045674845,-0.004099216,0.001805108,0.011311213,0.048660524,0.007066882,-0.055822473,-0.136830284,0.008949411,0.015178825,0.001833725,-0.018252922,0.129612533,-0.01917445,-0.060490447,-0.000776871,0.018599968,-0.103823429,0.052332392,-0.071526931,-0.020518197,-0.003831749,-0.025373638,-0.027463153,0.01318637,0.075029798,0.006614923,-0.014606523,0.046976803,0.009814114,0.103980672,-0.021731326,0.029053133,0.043688762,-0.047459683,-0.101250183,0.00917884,0.070517283,-0.031388086,-0.005318358,0.007829433,0.01129827,0.034325914,0.012087812,-0.004002577,0.054380433,-0.038492509,-0.09007157,-0.020684938,-0.03941122,-0.009580673,0.009182296,0.00537238,-0.027637855,0.00515383,0.004215463,-0.051357178,-0.015196669,0.014378947,-0.00523333,0.035794456,-0.044685883,0.002377528,-0.004731396,-0.02929026,0.0021952,-0.008209794,0.047581392,-0.019600363,0.001985474,0.03035813,-0.113461741,-0.033864933,-0.011325596,0.055659872,-0.036295506,-0.015518625,0.008965696,-0.002034353,-0.002623956,-0.022139165,0.10866432,0.023924309,0.056725719,0.010216312,-0.020949251,-0.031064986,0.01169139,-0.005465613,-0.063450238,-0.027784595,0.037454149,0.038803913
0.002194249,0.050484507,-0.030198845,-0.039725944,-0.066161849,-0.013445756,0.016867099,0.016456629,-0.015351577,-0.002783056,0.002361842,0.055033396,-0.008846366,-0.009534895,0.029595362,0.023778547,-0.003110253,0.00831319,-0.003153234,-0.019943061,-0.030084248,-0.035171177,-0.021737327,0.000959455,-0.035155908,0.019252353,0.071039001,-0.029755732,-0.016118199,-0.006832319,-0.042958577,0.041046278,0.009214503,0.021532862,0.021601043,-0.009370823,0.022716976,0.036367311,-0.011899592,-0.031629901,-0.006956278,0.00036429,0.030836833,0.061080859,-0.000767514,0.003040199,0.008590642,0.060894825,0.007822726,-0.023473771,-0.033969887,0.008881696,0.004840939,0.034543915,-0.032406753,-0.017982322,-0.057512754,-0.013490407,0.020211789,0.08626351,-0.005932098,0.044109215,0.003101146,-0.014278105,0.002539184,0.02295477,-0.01134281,0.030974388,0.005565096,-0.025160762,0.021463629,0.005001552,-0.015882666,-0.03395355,-0.003135641,-0.033678004,0.051985868,-0.0022306,0.033066667,-0.021929966,0.046821666,-0.010225891,0.019843968,0.001112231,-0.011057895,0.009073611,-0.012056599,0.007450003,0.029208047,-0.004784321,0.00467157,-0.057526539,-0.032205277,0.024743476,0.007038134,0.02129653,0.012097388,0.021038645,0.018481683,-0.087242596
-0.007721684,0.093409312,0.034273406,0.009485937,0.033633519,0.026894072,-0.00571401,-0.02095729,0.010012909,0.023055144,0.002925837,-0.032838149,-0.064223258,-0.041350274,0.040081276,-0.038084085,0.006464178,0.00415161,0.004796127,-0.017898399,0.018828429,0.00769293,0.056355275,0.028588855,-0.008080549,0.036459578,0.044489445,0.005184003,0.056683602,-0.011933503,-0.030062803,0.01116037,-0.048168282,0.017147832,0.017435461,0.04095736,0.006944054,-0.029062179,-0.002344524,0.078295675,0.008848781,-0.034373195,0.020700475,0.003596382,-0.050171933,0.017896275,0.023036112,-0.017606676,-0.012753711,-0.013370345,-0.00257484,0.02432306,-0.007635155,-0.036786435,-0.111030382,-0.031259849,-0.009670488,-0.054215352,0.008813067,-0.011189651,0.004800107,0.006764098,-0.007436653,0.02572662,0.026926243,-0.035658607,-0.033392047,-0.119482497,0.00496055,-0.038076329,-0.00959669,-0.025782155,0.019422132,-0.011047143,-0.086116394,0.094870876,0.055666906,0.0354472,0.029095335,0.016407559,0.006826777,0.022850696,0.010837723,-0.041338036,0.003004361,-0.11680336,0.006035624,-0.004983481,-0.008809471,-0.001770771,0.01831685,-0.051110329,-0.009200394,-0.046412947,-0.019699939,0.055737984,0.024223422,-0.039386864,0.011378608,0.005630268
0.030316676,0.025870256,0.020035091,-0.004420222,-0.015314818,0.035974465,0.062739957,0.027614414,0.026637687,0.008393951,0.085667467,-0.03240286,-0.006632546,-0.014868935,0.010999832,-0.00698255,0.005267753,0.008667239,-0.00830594,-0.009690859,0.004267686,-0.011391214,0.015640382,-0.016473394,-0.000468448,-0.002702597,-0.006341247,-0.05767669,-0.001639018,0.05992744,0.028443621,0.02087441,0.003823859,-0.008727585,-0.03442281,-0.016844471,0.054259378,-0.00426507,-0.003082029,-0.012139662,0.025301855,0.035049527,-0.014910077,-0.059788021,0.018499305,-0.037345453,0.016480557,0.009642105,0.008352974,-0.008884981,0.015263669,0.075077246,0.012622462,0.033358931,0.020028348,0.0189994,-0.001399144,-0.010469777,-0.058393987,0.045575329,0.031634579,0.005625872,-0.003731881,0.047799515,-0.034643186,0.017415243,-0.026354411,-0.008945917,0.018535822,-0.027909926,0.027907299,0.019814318,-0.050895892,-0.023919776,0.016296467,-0.016223266,0.018478368,0.017073725,0.030836242,-0.078800644,-0.021012508,-0.005833307,-0.047788146,-0.097300595,-0.065229542,0.019471495,-0.012933512,-0.029087275,-0.003407413,-0.043371754,-0.091775345,-0.004845519,0.070022274,0.03565232,0.012888977,-0.003082975,0.009664198,0.013468504,-0.003067234,0.032501353
-0.052722576,-0.016968889,0.011240539,-0.007790435,-0.007958325,0.047021064,-0.010018221,-0.024377168,0.089804758,0.029340797,-0.021534474,-0.04481535,0.001326795,0.036295357,-0.008360213,-0.001775103,0.046899603,0.031836658,-0.001865807,0.008224114,0.02782746,-0.00425462,-0.023549788,-0.115967847,-0.005825166,-0.02690548,0.001477517,0.005435058,-0.002927881,0.00087267,-0.001778514,0.016804458,-0.014484271,-0.00295902,-0.003879101,-0.00072425,-0.011394309,-0.015179026,-0.001332601,-0.010046181,-0.004056004,0.012188194,-0.007015861,0.014266179,0.008662167,0.007243355,8.0837e-05,0.01207285,0.101435853,-0.036489745,0.002088627,0.008327187,0.009944357,0.038499893,0.007482038,0.027258254,0.012687673,-0.007680871,0.014767755,0.002858242,0.07679507,0.00968687,-0.118428828,-0.013810816,0.024029619,-0.000757276,-0.004589014,0.00516981,0.01338371,-0.006691934,-0.04145313,-0.075498133,-0.001749087,-0.010343646,0.00623849,0.000419503,-0.008028218,-0.017657082,0.018174491,0.017713438,-0.008047939,0.00745983,-0.002879745,-0.027205689,-0.009125938,-0.011374644,0.007954437,0.032795728,0.008009221,0.001149812,0.023343493,-0.015567528,-0.010144475,-0.043269626,0.173069736,-0.010247228,0.020342797,0.013907661,-0.017487182,-0.001122584
0.039590546,-0.021423839,0.032807195,0.023109804,0.023143574,0.016833611,-0.006663595,0.000368448,0.014846925,-0.05769727,-0.038078949,-0.009515078,-0.049571811,-0.053063659,0.013684883,-0.05637437,0.068176318,0.041711656,0.008711148,0.051078974,-0.013730145,-0.000176187,0.020545802,0.017538688,0.076915001,-0.036037786,-0.021542321,-0.008748277,0.001336831,0.005689702,0.0165761,-0.005390782,-0.070586476,-0.006764119,-0.001194803,-0.059501127,-0.018098712,-0.070702819,-0.011141823,-0.00779079,-0.006070247,0.018295789,0.028642964,-0.036038453,0.031240628,0.017061204,-0.04354232,0.020100586,0.025455459,0.028075809,0.010359156,0.034931167,0.054265652,-0.045768292,-0.044631432,-0.012255478,0.039896901,-0.002375056,0.005245748,0.00166112,-0.017684559,0.045676872,0.007947016,-0.029799342,0.008664322,-0.005394741,0.049778637,0.001067914,-0.104178892,0.037250868,0.021485457,0.064641008,-0.021566393,-0.004956844,0.002803217,-0.008790672,0.022170514,-0.025234649,0.011824755,-0.014144365,-0.015498457,-0.003421273,-0.006004985,-0.069422688,0.017787695,0.004713464,0.043739597,0.043306657,0.019903465,-0.021247679,0.063259492,-0.017332623,0.007188214,0.002455889,-0.049003549,0.005247696,-0.025893226,-0.018411769,-0.074674265,0.02829674
-0.017318662,0.010605626,-0.136957497,0.075464968,0.042956144,0.029170872,-0.014978835,0.008130497,0.034566181,-0.07496597,-0.010706088,-0.007250337,-0.002099864,-0.015357295,0.031263395,-0.044107283,0.073633624,0.055382116,-0.000997066,0.023970622,-0.023963139,0.031281503,-0.077364706,-0.014085838,-0.016008237,-0.024900216,0.011979154,-0.017359644,0.019239259,0.00289225,0.010829563,0.044652361,-0.020174083,0.041325007,0.001888456,0.012482338,0.033648204,0.039716259,0.018781852,0.029580563,0.010388218,0.017185154,-0.044411674,-0.024562429,-0.013639473,0.003669661,-0.025333134,-0.080164295,0.016698764,-0.003166666,-0.01330149,0.005133013,-0.016637792,-0.031540493,-0.020822803,0.184847028,0.005777576,-0.008244376,-0.005699716,-0.001990879,-0.003807099,-0.064420442,0.006803991,-0.005051565,0.029536154,-0.005667018,-0.100442054,-0.011534724,-0.022938799,0.062044317,-0.017555206,0.014298662,0.028508013,0.08313106,-0.049072339,0.02485708,0.073827564,-0.003099509,0.064396167,-0.005756239,0.088226349,-0.021402741,0.011688275,-0.012357685,-0.013427011,0.023108585,-0.006672719,0.00452571,-0.05332965,0.00634964,0.012008423,0.021543751,0.004535055,0.060530774,-0.050443848,-0.040508012,0.00603331,0.027642915,0.036053667,-0.044535506
-0.057659465,-0.077186895,-0.037615598,-0.149411781,0.029989038,-0.022201916,-0.010591323,0.044187928,0.038856235,0.008662254,0.034901469,-0.01030113,-0.018396295,0.073982101,0.010912176,0.050018275,0.028603856,0.046460107,0.037936116,0.019923675,-0.032763686,-0.029024671,0.024706563,0.015661896,0.014217102,0.031679342,0.01439042,-0.005478991,0.043966709,-0.001939983,-0.00297097,-0.035951825,-0.041121213,-0.009666839,0.004717566,-0.014049825,-0.010915096,-0.024874354,-0.003811499,0.045463236,0.018113972,-0.023928264,0.021160579,-0.046834926,-0.004900134,-0.004163118,-0.029220493,-0.081812379,0.011946905,1.82607e-05,0.002392126,-0.034305371,-0.002105369,0.022777244,0.056878476,-4.94648e-05,0.126641569,-0.084794945,-0.009752959,0.016257187,0.011489882,-0.038224165,0.015422809,-0.010113578,0.003120964,-0.01638109,-0.008211157,-0.007388146,0.060821171,-0.004846947,0.018079835,0.006851156,-0.006948375,-0.011954369,-0.069260376,0.042257477,-0.037785175,-0.020978259,-0.008131115,-0.003216434,0.027028188,-0.007361192,-0.005348759,-0.071577466,0.002060304,-0.013753785,-0.068763635,0.017851462,0.01061469,0.034360722,0.059410509,-0.00867014,0.004665349,0.016208967,-0.005253811,0.004883254,-0.008337249,0.062913373,0.011632615,-0.01579281
0.108302364,-0.021652232,-0.02441262,-0.034855587,-0.034060475,-0.063184363,-0.002011408,-0.02683117,0.046425173,0.037062406,-0.019627958,-0.027682195,0.015285707,-0.031800038,-0.02011641,-0.019898895,0.03001018,0.024350208,0.016586433,-0.025973492,0.009338262,-0.018509471,-0.01023894,-0.000877947,0.001550426,0.002838224,-0.024857817,0.009336454,-0.027385191,0.003490925,0.002121963,-0.02274091,-0.002459135,0.021265221,0.021448725,0.019704436,-0.042885513,-0.029254551,-0.014439734,-0.022605641,-0.00040501,0.004399718,0.028343266,0.03804915,-0.021243193,-0.027919884,0.004565882,-0.002049168,-0.010525983,-0.064049294,0.00659559,0.010887089,-0.016283317,-0.03473927,-0.027618793,0.057311879,-0.037315754,-0.045943991,-0.034973343,-0.000270347,-0.00502204,0.013170396,-0.006377665,-0.099662385,-0.028977061,0.003497085,0.019832339,-0.008527547,-0.02783583,0.01092454,0.063602283,0.067660727,0.028328796,0.007245565,-0.00516807,0.033088281,-0.005607777,-0.035569971,0.009076313,0.014894723,0.013007473,-0.012210938,0.01898669,0.04414133,0.005119454,-0.017831917,-0.013113604,-0.060037845,0.031416575,0.024169679,0.001395225,0.028691069,-0.005259489,-0.050626314,0.040579416,-0.014844359,-0.018875682,-0.026661948,-0.042424107,-0.034074091
-0.033705977,0.024455637,-0.031665358,-0.004669764,0.001104035,-0.060333211,0.015810832,0.018882583,0.061555947,0.006820879,0.023094029,0.06590723,-0.010052126,-0.009795242,0.021772436,-0.003338036,0.035198997,0.018779329,-0.0041851,-0.002519316,0.012387119,-0.01499878,0.02350041,0.203751641,0.015213864,-0.017707733,-0.008419524,0.009059047,-0.000303925,-0.033566235,0.026498155,-0.03592444,-0.0160369,0.006672977,0.016208482,-0.021041082,0.036814223,0.000854607,0.012812749,-0.003608397,0.02423555,-0.013564044,-0.010670652,-0.026529008,-0.00514332,0.013200811,0.002693791,0.009523886,-0.087930343,0.055337572,-0.005904922,0.00743043,-0.009995676,-0.049461605,0.004635393,0.022897728,0.01137346,-0.00696591,-0.034063301,0.013774989,-0.107359008,-0.011528215,0.023746435,0.008659433,-0.012994099,-0.021337378,0.012037031,-0.01487675,0.018013702,0.01452293,-0.027719394,-0.056236014,0.010971224,0.029401777,-0.0266826,-0.008393787,0.012741153,0.016451806,-0.006055282,-0.077720933,0.007604024,-0.050301202,-0.003323386,0.052666843,0.025324289,-0.018068746,-0.029998398,0.027626135,0.02291773,-0.006196275,-0.040805989,0.024844058,-0.000103239,0.0765171,0.144562859,-0.011198176,-0.059088581,-0.032447765,-0.013086449,-0.005841587
-0.042366912,0.012687156,-0.050414832,0.038119895,-0.020520943,-0.067662911,-0.039053231,-0.018655236,-0.133562517,-0.002823364,0.044076123,-0.033414141,0.046463587,0.027710704,0.027235368,0.00096595,0.092076708,0.002992423,-0.030505826,-0.069139743,0.003528978,0.032949724,0.009054994,0.02795696,0.025668284,0.005748327,-0.063697655,-0.024246171,-0.048387385,0.009158914,0.025244525,0.041963416,0.11933374,0.011121044,-0.019502314,0.043616947,0.032854267,-0.0463008,0.017790638,-0.005926911,-0.007311583,0.030420805,-0.044084102,-0.051208767,-0.054171662,0.013503857,0.003219827,-0.002654071,-0.031541567,-0.009284381,-0.01127231,-0.020504957,0.006596975,0.064968101,0.067520357,-0.015797284,0.021968965,-0.061058253,0.009937957,0.006431808,-0.021471854,-0.018758481,-0.012896503,0.060197893,0.010223484,0.02475428,0.049312987,0.025530989,-0.159791619,0.052670369,-0.010520879,0.000455546,-0.026843775,-0.008460712,-0.017551007,0.021562967,-0.00208534,0.01706047,0.033858318,-0.041554352,-0.027248966,0.017045769,-0.037010805,-0.089199824,0.033044125,0.00923074,0.06597344,-0.010959283,-0.030729492,-0.009529606,0.119623239,0.000983511,0.001662297,0.024389739,0.024369045,0.061110455,-0.157249781,-0.016753597,-0.006836813,-0.05428543
-0.01044233,0.017537099,0.11261633,0.045441062,0.000274839,0.017430431,7.90772e-05,0.009219262,0.030575708,-0.043333213,0.014495389,-0.010807007,-0.016730797,0.009505778,-0.01289684,-0.034238833,0.043872969,0.009938213,0.012731227,-0.009521591,0.008447187,-0.037828878,0.014934526,0.018547688,0.019762485,-0.029106311,-0.000200169,-0.001396056,0.015457789,-0.017956064,-0.030194071,-0.092520385,-0.020727213,-0.062105658,-0.015700349,-0.03529694,-0.028731599,-0.016375609,0.00269095,0.001780375,-0.00051717,0.002747287,0.00380517,0.080857738,0.028964301,-0.014595934,0.012431819,-0.068879791,-0.004950862,-0.016035613,0.032866671,0.00040593,-2.85703e-05,0.096120746,-0.024918856,0.110251641,0.005967103,-0.008567073,0.001575542,0.06203732,0.009146597,0.081200104,0.005105113,0.006418409,-0.0264939,-0.030847783,0.005672708,0.013284351,0.027667357,-0.049944748,-0.014344487,-0.002215381,-0.028191543,-0.084030599,-0.015907057,0.036357724,-0.028074777,-0.003766539,-0.017364968,0.010059386,0.078279565,-0.020113677,-0.003026027,-0.003411798,0.006702949,0.033833999,-0.009902255,-0.004710148,0.024712323,-0.009809228,0.000702603,0.016140964,-0.014754488,-0.053318088,-0.028655342,-0.015074765,0.008236372,-0.031890945,0.035303212,-0.026915565
0.008212744,-0.038035241,-0.033332552,0.031647063,0.007054246,-0.010399071,0.003411882,0.035358859,0.00108665,0.022293842,0.012750059,0.008483465,-0.027905374,0.033640717,0.002420835,-0.066524868,-0.003202792,-0.003186086,0.02321052,0.003811545,-0.013622365,-0.009769681,-0.01631826,0.00272774,0.005911826,0.010715968,0.012372123,0.013537496,0.003334606,0.00128926,0.011518993,-0.043373377,0.004027326,-0.005119718,0.005443358,-0.013865732,-0.019924371,0.003392428,-0.005264698,-0.006717701,-0.04735434,-0.015841605,0.00319855,0.042949065,0.001861634,-0.006792658,-0.01311929,0.026564044,0.011352205,-0.009747769,-0.00287585,-0.033406151,-0.008881683,-0.019109344,0.05077901,-0.005784388,-0.061122988,0.040762492,-0.001881144,0.024299982,0.01582467,-0.007553321,0.007260508,0.016624193,-0.008152571,-0.0212135,-0.00978875,-0.044906096,-0.051422284,-0.015534657,-0.018012543,-0.019611713,0.019568192,0.001976375,0.000953136,-0.013450792,-0.041683056,-0.029616068,-0.011962404,0.008837524,-0.021057241,0.015698734,0.015877589,0.037238446,0.000882259,-0.03944425,0.067036389,0.004179776,0.023546243,-0.033912786,-0.048606655,0.049352039,0.001910228,0.002127306,0.001350686,0.048102323,0.011614042,0.040611942,-0.012759228,-0.009704411
0.080299048,-0.022778327,0.065766633,-0.039928236,0.003554756,0.11682759,-0.036075848,0.022168406,0.036227618,0.021560845,-0.011046811,-0.000206501,-0.013312638,-0.017203783,-0.003513371,-0.026885659,0.020999234,0.016741996,0.004565755,0.005377814,-0.0097956,-0.005286958,-0.038316426,-0.000547644,-0.019606892,-0.002312013,-0.016825771,-0.017780581,-0.027613204,-0.033974965,-0.018393502,0.036395921,-0.005501134,-0.001991724,0.010544154,-0.016368557,0.051822776,-0.018848206,-0.025185966,0.004982249,-0.014614065,-0.003553775,0.015834665,0.045984069,-0.017019318,0.015120355,-0.024417574,-0.004492371,0.014641175,0.104856741,-0.028535542,-0.055024496,0.031948907,-0.024878864,0.006620296,0.050950885,-0.045144619,-0.048625542,-0.001568548,-0.003653318,-0.012214805,-0.028368618,-0.000829266,0.195788304,-0.000606828,-0.014200363,0.125447855,-0.009726909,0.060340716,-0.013973251,0.041744443,0.046619353,-0.072356329,0.160596367,-0.036770124,-0.00017456,-0.035893539,0.071682056,-0.048272826,-0.024615062,0.078692683,0.023044721,0.013111129,-0.059414404,0.028857058,0.034518956,0.029417805,-0.056915292,-0.015964394,-0.007990104,0.000499425,-0.000958835,-0.036708754,0.088294077,0.027711908,-0.020478497,0.052823618,0.028985162,-0.051730454,-0.015159157
0.017113474,0.015033053,-0.018444559,-0.032961154,-0.004062591,-0.034141796,0.177508512,-0.005150218,0.014979166,-0.071274844,0.029408509,0.015490422,0.014660594,0.027146845,0.006589112,0.009386449,-0.003941297,0.018100338,0.008221883,-0.021024482,0.023445793,0.02074194,-0.009969008,-0.122603714,0.009710158,0.004315862,-0.003001158,0.041295185,-0.009824321,0.05738991,-0.044361366,-0.022474687,0.003154142,0.006515237,-0.018152204,0.0193608,0.024914504,0.036052606,-0.01798435,0.020623486,-0.039058439,0.004708159,0.011219831,0.027080809,0.002878859,-0.033062025,-0.0143094,-0.003718607,0.027824187,0.025443493,-0.004958607,-0.092551718,-0.003172467,-0.016811151,0.001895963,0.003778948,0.006975564,0.031943864,-0.004119398,-0.041459417,-0.144172852,0.016591416,-0.04243185,0.005226885,-0.030017377,0.003967052,0.010258804,0.033611355,0.000335017,0.010300264,-0.016370756,-0.01057439,-0.032770869,0.018396934,0.001646775,0.054492761,0.008405253,0.017233401,-0.017433221,-0.12999835,0.007982534,0.03198386,-0.047767439,0.024124193,-0.045265182,-0.071168896,0.026713163,-0.017702053,-0.034847177,0.028694017,0.083605492,-0.012131626,-0.001222929,0.02904805,0.025847684,0.000772253,-0.037829861,-0.017683698,0.012189051,-0.005616503
-0.014632643,0.007205082,0.003414895,-0.000196961,0.033855683,0.009149417,-0.020757314,-0.01529242,-0.032696565,0.00827252,-0.013508679,-0.023026059,-0.063869648,-0.018916084,0.035416816,0.011267269,0.015230463,-0.006154977,0.060081114,0.000152113,-0.020229647,0.010636079,0.028287552,0.025217549,0.014201324,0.025728413,-0.000906092,-0.005447408,-0.015466185,0.002252067,0.008740759,-0.002695366,0.070029349,-0.019178065,0.037588784,-0.118943004,-0.002207261,-0.0469957,0.011625891,-0.000156656,0.032462,-0.119011549,-0.051219349,0.010282596,-0.012974035,0.006981093,-0.018436302,-0.001089151,-0.000210917,0.005528737,-0.007032813,0.078834106,0.029444715,0.003530653,0.021038454,-0.010070463,-0.01298373,-0.018693064,0.024593667,-0.065198715,0.01504547,-0.009205055,-0.020144889,-0.008855306,0.010531259,-0.047823767,0.032397981,-0.009363063,0.003826579,0.006168083,-0.00832551,-0.019784818,-0.014845296,-0.005846562,0.008954383,-0.013675044,0.010973608,-0.010888391,-0.010035088,0.055551023,0.012896264,0.060008863,0.018707788,-0.039540848,-0.020943335,-0.015569038,-0.050468193,-0.017279461,0.105990388,-0.048236942,-0.017536937,-0.00324273,0.001851164,0.003811066,0.017593927,0.013126406,-0.02416501,-0.010872127,0.023718589,-0.011952074
-0.008770172,0.020859611,0.058466778,0.014106484,-0.017221194,-0.03892074,0.070417083,0.000730018,0.028584741,-0.017576285,-0.014654463,-0.010143283,-0.052310271,0.020418341,-0.005476056,-0.042650229,0.015419489,0.030514328,-0.021484509,-0.018685232,0.030399595,-0.035756798,0.071018134,0.00730141,0.029068821,-0.020864223,-0.124168924,0.068306294,0.008794435,0.023469182,-0.030331257,0.022418952,-0.028483839,0.153794943,0.049691832,0.038687505,-0.005760948,-0.048697969,-0.011082235,-0.01751895,-0.035853414,-0.031923082,-0.0004583,-0.119720226,0.003105682,-0.012932552,0.024428986,-0.048862883,-0.008893341,-0.008290954,0.039550409,0.025559802,0.017699001,0.026507608,0.004873792,0.042633828,-0.010579719,-0.016542765,0.001011714,0.026111689,-3.40382e-05,0.08347358,-0.001643637,-0.007790286,-0.035419071,0.071557054,0.062726718,-0.011431958,0.029665062,-0.004103385,-0.00087146,0.026280169,0.008335859,-0.010425718,0.028047832,-0.078553896,-0.025430762,0.005307864,-0.065829789,0.017310001,-0.070178414,-0.001206481,-0.016402821,0.001292454,0.038769982,-0.064737833,0.027514018,-0.009043534,-0.034856363,0.015447734,-0.011335464,-0.079103517,-0.007127514,-0.019705402,-0.010967909,-0.018686104,0.000615452,-2.52215e-05,0.052398442,-0.00861267
0.009127384,-0.032520007,-0.002521934,0.012857942,-0.064914717,-0.013241224,-0.028104129,-0.013903336,-0.013671162,-0.030462999,0.038952473,-0.01280085,-0.086209909,-0.05703462,0.006527872,0.052298211,-0.005934492,-0.010161214,0.074105375,0.025712717,0.012479842,0.005990493,0.036177245,-0.017824332,-0.009098544,-0.028850972,0.004982875,0.017264251,-0.027787542,0.025612883,0.032818746,-0.009009782,0.015470843,-0.019294987,0.00641566,-0.027622029,0.002254859,-0.007139935,0.013362026,0.015567548,0.04794495,-0.034830992,0.039231225,0.029930658,-0.004531369,0.009043895,0.006696096,0.002960771,-0.010101314,0.011638133,0.021429037,-0.162738757,2.28419e-05,0.078575674,-0.047744496,0.014573922,0.030964898,-0.017955639,-0.014749773,0.052223946,0.034028815,-0.014340767,-0.018729722,0.006762187,0.010757267,-0.061772375,0.000560274,-0.038720909,-0.038066442,0.036584417,0.014661421,0.022425609,0.015021905,0.090215114,0.026610601,0.0219584,-0.013429703,0.023320733,0.021954516,0.006682503,0.034994192,0.012498153,0.014207683,-0.017196293,0.033006033,-0.063700096,0.042458191,-0.007829928,0.03686805,0.020233471,-0.101564567,0.104046822,0.048349647,-0.002093836,0.005492814,-0.071111047,-0.018660696,0.053196401,0.011238461,0.002623669
-0.027733393,0.011409728,-0.003308669,0.020359825,-0.02165585,-0.011668364,-0.027328773,0.005784316,-0.024760637,-0.004188599,0.044970512,-0.014738904,-0.009042001,-0.009508777,0.002253284,0.017158218,-0.00536437,-0.007604819,0.02830957,-0.018064519,0.011693596,-0.007878973,0.020698326,-0.01108943,0.014354362,0.006709246,-0.043102159,-0.022995592,0.017560332,-0.014830496,-0.01335257,0.000875741,0.003332956,0.024230927,0.028783572,-0.023019862,0.01125194,-0.006080241,0.010689168,-0.016444679,-0.006638681,0.041189472,0.073615422,0.024282597,0.007039865,-0.026990949,0.021023686,0.000644593,6.91433e-05,-0.035984745,0.024963951,-0.04055132,-0.001735328,0.011941124,0.001510088,-0.024104183,0.023587243,0.025633871,-0.019262815,0.038689219,-0.005588052,0.025429971,-0.003290245,-0.02550948,-0.016394827,-0.011041238,0.03494218,-0.019294544,-0.020528752,-0.003174491,-0.024370874,-0.018907231,-0.002912058,0.023115063,0.022390693,0.034105083,0.014264216,-0.01119073,0.03950554,-0.027259609,0.020927729,-0.017921184,0.000565989,-0.00531307,-0.024890067,-0.008936651,-0.026786513,0.040320798,0.017612315,0.008687757,-0.054470128,0.04648736,-0.024053548,-0.006319331,-0.011938057,0.012218314,-0.006559862,-0.004551996,0.029927177,0.012482896
-0.021285173,-0.012243218,0.017090842,0.016462702,0.034204858,0.009698368,0.128598893,0.022011211,0.013288764,0.010681049,-0.019656793,0.199393925,0.010780727,0.042115258,0.002741462,-0.004129428,0.01354706,-0.000827762,0.004861431,0.017638904,0.024745603,-0.000660984,0.020744974,0.022712746,0.056576756,-0.009227071,-0.021444416,-0.018734823,0.006839666,0.052926221,-0.039989052,0.025653952,-0.015199935,0.001398823,-0.021272702,0.01118804,-0.03141032,0.035832665,-0.003827278,0.014142754,-0.042595009,0.02925939,-0.005589312,-0.024188909,-0.009973911,-0.00811557,-0.007170511,0.005099191,-0.104369191,-0.014426201,-0.031715527,-0.057347433,-0.003957634,-0.002143041,-0.002344727,0.006444035,0.005672232,-0.027328022,-0.100957212,-0.031897295,0.029660719,0.00578419,-0.306425774,0.007506535,-0.04277144,-0.007867717,0.007571172,-0.027618622,-0.006314204,-0.002782076,-0.000620906,-0.016170569,0.02514708,-0.022711344,-0.068193019,0.048076039,-0.009668076,-0.020464623,-0.047155879,0.080458149,0.003758569,-0.046747737,0.033347502,-0.017477575,0.04653989,0.023605302,-0.027408807,0.016857022,-0.014161079,-0.021378463,-0.034138316,-0.044811871,-0.020846753,-0.005263844,0.073025845,-0.007453473,0.043490598,0.016135803,-0.01460904,0.00775702
0.002991435,0.003934608,-0.020777452,0.018045849,0.133744116,-0.026820522,-0.069705883,0.017224224,-0.010026797,-0.009626352,0.020961777,0.049961342,0.008628576,-0.078888569,-0.068853526,-0.013714178,0.017020351,0.008683502,-0.011806307,0.144189452,-0.057708961,-0.062248993,0.04089041,-0.014155469,-0.12334792,-0.030741664,0.070162225,0.010934898,-0.00111519,0.031907433,0.065338933,0.023311669,-0.041972166,0.002659471,-0.010884748,-0.037239442,0.025757505,0.028563201,0.006103767,0.014099914,-0.037109264,0.060397707,0.01976089,-0.027923853,0.00083292,-0.040001684,-0.001637081,-0.0009084,-0.018033395,-0.001631167,0.001212223,0.014352803,0.001498801,0.025330969,0.000864076,0.005346474,0.028401768,-0.002876041,0.01913647,-0.004315137,-0.019791123,-0.031566821,-0.048502083,0.008793855,-0.013603433,0.010484155,0.014275233,-0.027123814,0.026929399,0.002845377,0.005345991,0.025429824,-0.011347592,0.009947626,0.07249685,0.032746229,-0.009936615,0.035006167,-0.107309747,0.040412484,0.012340231,-0.022061274,0.021864747,0.001530495,-0.009725329,-0.002979549,-0.002755335,0.016023918,-0.074937033,-0.036144877,-0.044729082,-0.01704554,0.021563829,-0.01010831,-0.012370722,0.010388668,-0.066431065,-0.012931678,-0.03155912,-0.012106244
0.000109415,0.022024319,0.077248749,0.036587057,-0.113609263,-0.01431158,-0.05764149,0.012941234,-0.006132443,-0.003591197,-0.001539999,0.059272772,0.026166004,0.016046282,0.016373257,0.008611365,0.009558431,-0.013104723,0.014269418,-0.010054195,0.046038094,0.044385751,0.105066115,-0.009355441,-0.035666508,0.000969094,-0.070818259,0.027794617,0.008926048,-0.02920358,-0.034963552,-0.032768006,0.012608592,-0.022962694,-0.001972225,-0.032282,0.00318468,-0.062093983,-0.031444749,-0.062637179,0.039377705,0.058757125,-0.017453332,-0.099599769,0.0067609,0.02923813,0.006350568,-0.019739521,0.003306695,-0.026206077,-0.033039285,0.001809274,0.008900097,0.061832413,-0.016536841,0.025832335,0.048814029,0.022832607,0.006295891,0.126347539,-0.021022955,-0.098001262,-0.013862196,-0.00454873,0.027259236,-0.032956869,-0.052221358,-0.022623679,-0.006370573,0.055850995,-0.018569137,-0.02205622,0.032749161,0.078073495,0.153694097,0.049411766,0.0345782,-0.021521323,-0.106006933,0.01212804,0.024222812,-0.01383024,-0.003073235,-0.011091294,0.01167854,-0.016232845,0.012841037,0.005856528,-0.005558197,0.01530087,0.003524401,-0.004134552,-0.048115911,-0.017593979,-0.010510664,-0.013238218,0.011540073,0.008428004,-0.050293004,-0.063333478
-0.01513225,0.009133659,0.012414411,-0.025231255,-0.141913851,0.001944634,-0.020866824,-0.034869283,0.012952761,0.013238355,0.002555879,0.027117264,-0.007417378,-0.035154042,-0.042639423,-0.010081981,0.008579203,0.01166537,-0.012924272,0.048292127,-0.006589257,-0.01314804,0.014628916,0.027277963,-0.017817367,0.022298704,0.048919454,0.014242171,0.034312392,-0.006327642,-0.035172074,0.026149679,-0.030376926,0.011688341,0.006661996,0.038407378,0.004331735,0.031312656,0.011762553,-0.032751394,0.113906987,-0.009211189,0.025785301,-0.006809277,0.043966044,-0.018817583,-0.006145454,-0.024411567,-0.003926801,0.009327307,-0.001135639,0.03316664,0.006135909,0.00945942,0.025254497,-0.014792022,0.02087323,-0.041485268,0.007698475,-0.036289331,-0.016098067,-0.011762393,-0.018887092,-0.00396668,-0.031098149,0.002978163,-0.030823383,-0.087051046,0.014268303,-0.030463209,-0.001647885,-0.011429846,0.020346805,-0.005972919,0.108861247,0.113393984,-0.006707217,-0.004480093,0.002123023,0.007411692,0.020189316,0.013319421,0.018328746,-0.064026897,0.01072328,-0.101874273,-0.002619181,0.001721061,-0.037735232,0.004601935,0.008448067,-0.115765017,0.000118789,0.014251189,-0.009133915,0.026894992,-0.009503455,-0.026766794,0.007031966,0.013012939
-0.008846125,0.003624538,0.004953647,-0.013156802,-0.028424417,0.016455673,-0.03462909,0.007626788,0.002976626,-0.004870345,-0.057294697,-0.065023546,-0.000980251,0.003647313,0.009728678,-0.00625855,-0.003652464,-0.000954045,-0.011544715,-0.003310468,0.01509037,-0.020514181,0.090313634,0.013900365,0.013540115,-0.005993645,0.039664001,0.048698638,-0.004786562,-0.031838089,-0.013508179,0.007194944,-0.001391081,-0.010533309,0.007534337,0.005746538,0.008988778,0.033598822,0.022908079,-0.028342089,-0.012625603,-0.035072996,-0.029587055,-0.001528306,0.007492724,-0.088659546,0.05518165,-0.000695277,0.00301319,0.019375024,0.062515465,-0.037498135,0.004175212,0.009702892,0.000658487,0.000110493,-0.016251011,-0.01204577,-0.106432468,-0.036754321,-0.01839954,0.025062924,-0.004427368,0.024415838,-0.060409742,-0.010415037,-0.049418829,0.020192899,-0.013021557,0.019690122,-0.004215806,-0.002879801,0.046093723,-0.052635471,0.082696766,-0.014580876,0.004897198,0.00932627,0.117411019,0.063360349,-0.030531119,0.009696996,0.016790205,0.050586915,0.045077461,-0.014396516,0.012702047,-0.012022543,-0.02136244,0.01656042,0.076704256,-0.024311833,-0.039991553,0.012677517,-0.001409973,-0.007211128,0.002742809,0.004428417,-0.01092651,0.012455703
-0.008537081,-0.012980196,0.020264689,0.01267886,0.013893885,0.043227738,-0.016895455,-0.002788886,-0.004244172,-0.092601818,0.027062496,0.101858253,-0.011239422,-0.028670602,-0.028269054,-0.003027298,0.004432742,-0.006771137,-0.004438203,-0.02906533,-0.023137272,0.025283186,0.028539227,-0.047371673,0.024151757,0.007584145,-0.013429941,0.031566074,0.001592287,-0.03830776,0.031803809,0.019603044,-0.019753979,0.004894275,0.018734521,-0.019945531,-0.020273952,0.059058091,-0.01458317,0.036359586,0.031250822,-0.018218882,-0.006148989,0.008271975,0.000625908,-0.041920415,-0.013345887,0.002824721,0.037003519,-0.030552097,-0.011339723,0.017990884,0.006984464,0.032413628,-0.015704313,0.000646021,0.002803991,-0.004359415,-0.036854127,0.017887848,-0.112121143,0.000291458,0.104564108,-0.014465993,-0.069379501,-0.016618665,0.017900709,0.015826507,-0.004097664,0.012328676,0.008605262,-0.00785582,-0.017238959,0.014002571,-0.015073545,-0.016454825,-0.004335718,0.006715854,-0.051916682,-0.105585985,0.010724569,-0.000714637,-0.029588145,0.030549578,-0.018010009,-0.045194493,0.005819862,0.006498155,0.021787297,0.017197726,0.046796326,0.031381574,0.006177902,-0.056078848,0.124307534,-0.013465784,0.032996088,0.018786966,0.006249964,0.007467338
0.012180703,-0.037222059,0.019073296,-0.016370604,0.026217249,-0.00320543,-0.010457117,0.055842786,0.044525813,-0.012471602,-0.015806825,-0.060105518,0.005484053,-0.032334032,-0.135186901,0.007262186,-0.028266279,-0.00025201,-0.034811232,-0.025546205,-0.023700617,0.037237702,0.046071385,0.022318891,0.086175395,0.055902234,-0.013039605,0.021892759,-0.017590603,0.013239132,0.024320032,-0.001590027,0.10044955,0.008470165,-0.02714557,0.02022777,-0.006750894,-0.118898034,0.015476103,-0.00988214,-0.040395301,0.113340715,0.070282922,0.052650596,0.074156766,0.028413748,-0.046730717,0.013201213,0.019057303,0.010620746,-0.009021301,-0.02564329,-0.040493844,-0.049980468,-0.104288527,-0.026296323,-0.024241293,-0.024175571,0.038981602,0.044977621,-0.024058626,0.010148878,-0.019254609,-0.012345121,0.024433409,0.029105195,0.063267059,-0.040481211,-0.015803909,0.011936859,-0.015956268,-0.024418472,-0.003442664,-0.01521093,-0.005496365,0.013511935,-0.01853047,0.023063762,0.017948998,0.00819974,0.000583619,-0.047682942,0.070003396,-0.051519192,-0.005755767,-0.000905947,-0.01825753,-0.01396597,-0.092762784,-0.020224285,-0.017920133,-0.016392248,0.01164717,-0.020676758,0.016142838,0.007707564,0.063443831,0.017999056,0.013548876,0.060851959
0.003114881,0.045295565,0.092353267,0.006894598,0.018494267,-0.02735366,0.032309326,0.009716825,-0.028178716,-0.00285645,-0.006541765,0.005201727,-0.020238605,-0.010806725,-0.006377595,0.041047689,0.006138977,-0.002602749,-0.012495073,0.035309562,-0.008200705,0.06584595,-0.061469591,0.004950186,-0.025560494,0.02624053,-0.059359769,0.009748824,-0.006532602,0.02138602,0.027320639,-0.014823016,0.031255161,0.048551991,0.00831992,0.030016412,-0.016686953,0.019406008,0.01825629,0.030484084,-0.020463792,-0.030185534,-0.009093395,0.005927759,0.020872674,0.015250933,-0.035611742,0.046611233,-0.008731624,-0.019486865,-0.013762384,0.002826315,0.016306766,0.087278033,-0.02503642,0.005994156,0.008844121,0.017985711,-0.010809865,-0.083113419,0.009230537,-0.132976718,0.00428904,-0.006974297,0.050903583,0.024864166,-0.045983624,-0.039232031,-0.004514086,0.023277563,-0.00096036,-0.021549736,0.008970746,0.018298384,-0.011954672,-0.02527924,-0.033362228,0.008994038,0.03827504,0.033601058,0.054264941,-0.00991513,-0.022376454,-0.010026049,0.000694322,0.047653327,-0.002676928,0.017951247,-0.024245698,-0.004326816,0.001133033,0.002059444,0.031579976,-0.042945764,-0.004869834,0.00109688,0.007778771,-0.016503393,-0.054010657,-0.044330212
-0.007026153,0.04812956,0.033118455,-0.047733558,0.018169337,0.013996687,0.014703809,-0.072225014,0.001414864,0.007777415,0.048880979,-0.013143136,0.002366063,0.07502171,-0.065032535,0.004952453,0.001270124,0.008638783,0.041722003,0.016659512,-0.031170381,-0.056752284,0.097879389,0.005033677,-0.011357233,0.007242961,0.021204277,0.01743995,-0.023149786,-0.008542392,0.013783392,0.046495903,0.033835456,-0.020569477,0.000268458,-0.050089192,0.006557585,-0.033816875,-0.016579948,0.116800895,-0.107605192,-0.028040168,-0.002053357,-0.035331471,0.064584815,-0.0202679,-0.008380621,-0.007277331,-0.012677812,0.012931392,-0.047552596,-0.030901599,0.007136382,0.008651833,0.010101398,0.020670626,-0.041129727,0.095519732,0.042788947,0.04506667,0.027131956,-0.03307237,0.013316882,0.008149001,-0.01348392,-0.012051527,-0.010644472,0.016663141,0.03721495,0.014458347,-0.005655907,0.006114386,0.006716189,0.026353678,-0.16383598,-0.0405073,0.000943035,0.005376558,0.005642578,-0.014385771,0.051873654,-0.011716462,0.019677484,-0.08355075,0.027755335,-0.015259813,-0.034437505,0.011005051,0.043780045,0.037694445,-0.01228359,0.04589896,-0.014731162,0.009295963,0.004168521,0.046139597,-0.00965665,-0.055468083,-0.025564928,0.027702495
-0.014119019,0.071043555,-0.038164749,-0.053793187,0.02998995,-0.053298436,-0.041299042,0.0199342,-0.003208971,-0.012505757,-0.058453071,0.090587519,0.018009933,0.036987374,0.04066856,-0.032383424,-0.004622241,-0.00456479,0.020602686,0.007045543,0.000835319,0.033740385,-0.03340061,0.002854295,0.018798134,-0.016410654,0.006044408,0.019663319,-0.044499719,-0.030028618,-0.015038732,-0.011814678,-0.025092129,0.027719448,0.041732142,0.025985467,0.003363649,0.012114513,0.025418155,0.026094133,-0.015937259,-0.011503276,0.042976512,-0.00624488,0.065393719,0.087607051,-0.033959707,-0.028941761,-0.001952664,-0.031836014,-0.023937516,-0.035223709,-0.015077808,0.098127916,0.040510745,0.01104255,-0.075938077,-0.048631042,0.157355685,-0.022520034,-0.021917592,0.007708259,0.009086286,-0.100875057,0.093257233,-0.006977869,-0.058938521,0.005312357,-0.038898144,0.014905053,-0.022272937,-0.003933578,0.049905129,-0.074748012,-0.02899737,0.043791502,0.06373345,-0.040926291,-0.055812935,0.031867118,-0.033962059,-0.012091171,0.004355579,0.053319939,-0.000181403,-0.024651992,-0.014115189,-0.042800384,0.030145273,0.017029336,0.013201031,0.037029108,-0.047055037,-0.033397551,-0.001652991,-0.030760734,-0.038296342,0.009391733,-0.076348949,0.088378265
